2021-05-14 13:26:57,31.6,600000,600000,0
2021-05-14 13:26:58,33,600000,2000000,0
2021-05-14 13:26:59,33.2,600000,600000,0
2021-05-14 13:27:01,33.4,600000,2000000,0
2021-05-14 13:27:02,33.4,600000,2000000,0
2021-05-14 13:27:03,32.2,600000,600000,0
2021-05-14 13:27:04,31.6,600000,600000,0
2021-05-14 13:27:05,33,600000,2000000,0
2021-05-14 13:27:06,33.4,600000,2000000,0
2021-05-14 13:27:07,31.8,600000,600000,0
2021-05-14 13:27:08,33.4,600000,2000000,0
2021-05-14 13:27:09,33.6,600000,2000000,0
2021-05-14 13:27:10,32.2,600000,600000,0
2021-05-14 13:27:11,33.2,600000,2000000,0
2021-05-14 13:27:12,33.4,600000,2000000,0
2021-05-14 13:27:13,32.2,600000,600000,0
2021-05-14 13:27:15,33.2,600000,2000000,0
2021-05-14 13:27:16,33.6,600000,2000000,0
2021-05-14 13:27:17,32.2,600000,600000,0
2021-05-14 13:27:18,33.4,600000,2000000,0
2021-05-14 13:27:19,33.4,600000,600000,0
2021-05-14 13:27:20,33.2,600000,2000000,0
2021-05-14 13:27:21,33.4,600000,2000000,0
2021-05-14 13:27:22,32.2,600000,600000,0
2021-05-14 13:27:23,33.2,600000,2000000,0
2021-05-14 13:27:24,33.6,600000,2000000,0
2021-05-14 13:27:25,32.2,600000,600000,0
2021-05-14 13:27:26,31.8,600000,600000,0
2021-05-14 13:27:27,31.6,600000,600000,0
2021-05-14 13:27:28,32.8,600000,2000000,1
2021-05-14 13:27:29,59.4,1500000,2000000,1
2021-05-14 13:27:30,66.4,1500000,2000000,1
2021-05-14 13:27:31,70.2,1500000,2000000,1
2021-05-14 13:27:32,72.2,1500000,2000000,1
2021-05-14 13:27:34,74.4,1500000,2000000,1
2021-05-14 13:27:35,75,1500000,2000000,1
2021-05-14 13:27:36,74.2,1500000,1900000,1
2021-05-14 13:27:37,73.2,1500000,2000000,1
2021-05-14 13:27:39,75.4,1500000,1900000,1
2021-05-14 13:27:40,75,1500000,2000000,1
2021-05-14 13:27:41,74.2,1500000,1900000,1
2021-05-14 13:27:42,74.2,1500000,1900000,1
2021-05-14 13:27:44,74.2,1500000,2000000,1
2021-05-14 13:27:45,76,1500000,1900000,1
2021-05-14 13:27:46,75.6,1500000,1900000,1
2021-05-14 13:27:48,73.6,1500000,1900000,1
2021-05-14 13:27:49,74,1500000,1900000,1
2021-05-14 13:27:50,73.8,1500000,1900000,1
2021-05-14 13:27:51,74,1500000,1900000,1
2021-05-14 13:27:53,74,1500000,1900000,1
2021-05-14 13:27:54,74.4,1500000,1900000,1
2021-05-14 13:27:55,74.4,1500000,1900000,1
2021-05-14 13:27:56,74.8,1500000,1900000,1
2021-05-14 13:27:58,75,1500000,1900000,1
2021-05-14 13:27:59,75.2,1500000,1900000,1
2021-05-14 13:28:00,75,1500000,1900000,1
2021-05-14 13:28:01,75.2,1500000,1900000,1
2021-05-14 13:28:03,75.6,1500000,1900000,1
2021-05-14 13:28:04,75.6,1500000,1900000,1
2021-05-14 13:28:05,76,1500000,1900000,1
2021-05-14 13:28:06,75.6,1500000,1900000,1
2021-05-14 13:28:08,74.8,1500000,1900000,1
2021-05-14 13:28:09,75,1500000,1900000,1
2021-05-14 13:28:10,75.8,1500000,1900000,1
2021-05-14 13:28:11,75.8,1500000,1900000,1
2021-05-14 13:28:13,76,1500000,1900000,1
2021-05-14 13:28:14,75.2,1500000,1800000,1
2021-05-14 13:28:15,75.8,1500000,1900000,1
2021-05-14 13:28:16,74.4,1500000,1900000,1
2021-05-14 13:28:18,76,1500000,1900000,1
2021-05-14 13:28:19,74.4,1500000,1900000,1
2021-05-14 13:28:20,74.4,1500000,1800000,1
2021-05-14 13:28:22,75.2,1500000,1800000,1
2021-05-14 13:28:23,75,1500000,1900000,1
2021-05-14 13:28:24,74.8,1500000,1900000,1
2021-05-14 13:28:25,74.4,1500000,1900000,1
2021-05-14 13:28:27,75.4,1500000,1900000,1
2021-05-14 13:28:28,75.2,1500000,1900000,1
2021-05-14 13:28:29,75,1500000,1900000,1
2021-05-14 13:28:30,76.4,1500000,1800000,1
2021-05-14 13:28:32,74.6,1500000,1900000,1
2021-05-14 13:28:33,76.2,1500000,1900000,1
2021-05-14 13:28:34,76.4,1500000,1800000,1
2021-05-14 13:28:35,75.4,1500000,1800000,1
2021-05-14 13:28:37,76.4,1500000,1900000,1
2021-05-14 13:28:38,75.4,1500000,1800000,1
2021-05-14 13:28:39,76.2,1500000,1900000,1
2021-05-14 13:28:40,75.8,1500000,1800000,1
2021-05-14 13:28:42,76.2,1500000,1900000,1
2021-05-14 13:28:43,76.2,1500000,1800000,1
2021-05-14 13:28:44,75.4,1500000,1900000,1
2021-05-14 13:28:45,75.6,1500000,1800000,1
2021-05-14 13:28:47,77.2,1500000,1900000,1
2021-05-14 13:28:48,76.2,1500000,1900000,1
2021-05-14 13:28:49,76,1500000,1900000,1
2021-05-14 13:28:51,75.4,1500000,1900000,1
2021-05-14 13:28:52,75.4,1500000,1900000,1
2021-05-14 13:28:53,75.6,1500000,1900000,1
2021-05-14 13:28:54,76.6,1500000,1900000,1
2021-05-14 13:28:56,76.4,1500000,1900000,1
2021-05-14 13:28:57,76,1500000,1900000,1
2021-05-14 13:28:58,76,1500000,1900000,1
2021-05-14 13:28:59,76,1500000,1800000,1
2021-05-14 13:29:01,76.2,1500000,1800000,1
2021-05-14 13:29:02,76.4,1500000,1800000,1
2021-05-14 13:29:03,76,1500000,1900000,1
2021-05-14 13:29:04,77,1500000,1900000,1
2021-05-14 13:29:06,76.8,1500000,1800000,1
2021-05-14 13:29:07,76.4,1500000,1800000,1
2021-05-14 13:29:08,76.2,1500000,1900000,1
2021-05-14 13:29:09,77.2,1500000,1800000,1
2021-05-14 13:29:11,76.6,1500000,1800000,1
2021-05-14 13:29:12,75.4,1500000,1800000,1
2021-05-14 13:29:13,75.4,1500000,1800000,1
2021-05-14 13:29:14,75,1500000,1800000,1
2021-05-14 13:29:16,75.2,1500000,1800000,1
2021-05-14 13:29:17,75,1500000,1800000,1
2021-05-14 13:29:18,75,1500000,1800000,1
2021-05-14 13:29:20,75,1500000,1800000,1
2021-05-14 13:29:21,75,1500000,1800000,1
2021-05-14 13:29:22,75.4,1500000,1800000,1
2021-05-14 13:29:23,75.4,1500000,1800000,1
2021-05-14 13:29:25,75.4,1500000,1800000,1
2021-05-14 13:29:26,75.4,1500000,1800000,1
2021-05-14 13:29:27,75.4,1500000,1800000,1
2021-05-14 13:29:28,75.4,1500000,1800000,1
2021-05-14 13:29:30,75.4,1500000,1800000,1
2021-05-14 13:29:31,75.4,1500000,1800000,1
2021-05-14 13:29:32,75.4,1500000,1800000,1
2021-05-14 13:29:33,75.4,1500000,1800000,1
2021-05-14 13:29:35,76.2,1500000,1900000,1
2021-05-14 13:29:36,75,1500000,1700000,1
2021-05-14 13:29:37,75.8,1500000,1800000,1
2021-05-14 13:29:38,75.6,1500000,1800000,1
2021-05-14 13:29:40,75.6,1500000,1800000,1
2021-05-14 13:29:41,75.8,1500000,1800000,1
2021-05-14 13:29:42,75.6,1500000,1800000,1
2021-05-14 13:29:43,75.8,1500000,1800000,1
2021-05-14 13:29:45,75.8,1500000,1800000,1
2021-05-14 13:29:46,75.8,1500000,1800000,1
2021-05-14 13:29:47,75.8,1500000,1800000,1
2021-05-14 13:29:49,75.8,1500000,1800000,1
2021-05-14 13:29:50,75.8,1500000,1800000,1
2021-05-14 13:29:51,76,1500000,1800000,1
2021-05-14 13:29:52,76,1500000,1800000,1
2021-05-14 13:29:54,75.8,1500000,1800000,1
2021-05-14 13:29:55,76.2,1500000,1800000,1
2021-05-14 13:29:56,76,1500000,1800000,1
2021-05-14 13:29:57,76.2,1500000,1800000,1
2021-05-14 13:29:59,75.8,1500000,1800000,1
2021-05-14 13:30:00,76.2,1500000,1800000,1
2021-05-14 13:30:01,76.2,1500000,1800000,1
2021-05-14 13:30:02,76.2,1500000,1800000,1
2021-05-14 13:30:04,76.4,1500000,1800000,1
2021-05-14 13:30:05,76.2,1500000,1800000,1
2021-05-14 13:30:06,76.4,1500000,1800000,1
2021-05-14 13:30:07,76.4,1500000,1800000,1
2021-05-14 13:30:09,76.6,1500000,1800000,1
2021-05-14 13:30:10,76.6,1500000,1800000,1
2021-05-14 13:30:11,76.6,1500000,1800000,1
2021-05-14 13:30:12,76.6,1500000,1800000,1
2021-05-14 13:30:14,76.6,1500000,1800000,1
2021-05-14 13:30:15,76.6,1500000,1800000,1
2021-05-14 13:30:16,76.6,1500000,1800000,1
2021-05-14 13:30:18,76.8,1500000,1800000,1
2021-05-14 13:30:19,76.8,1500000,1800000,1
2021-05-14 13:30:20,76.6,1500000,1800000,1
2021-05-14 13:30:21,76.8,1500000,1800000,1
2021-05-14 13:30:23,76.8,1500000,1800000,1
2021-05-14 13:30:24,75.4,1500000,1700000,1
2021-05-14 13:30:25,76.6,1500000,1800000,1
2021-05-14 13:30:26,76.8,1500000,1800000,1
2021-05-14 13:30:28,76,1500000,1800000,1
2021-05-14 13:30:29,76.8,1500000,1800000,1
2021-05-14 13:30:30,76.6,1500000,1800000,1
2021-05-14 13:30:31,76.8,1500000,1800000,1
2021-05-14 13:30:33,76.4,1500000,1800000,1
2021-05-14 13:30:34,75.4,1500000,1800000,1
2021-05-14 13:30:35,76.6,1500000,1800000,1
2021-05-14 13:30:37,76.4,1500000,1800000,1
2021-05-14 13:30:38,76.8,1500000,1800000,1
2021-05-14 13:30:39,76.4,1500000,1800000,1
2021-05-14 13:30:40,76,1500000,1700000,1
2021-05-14 13:30:42,76.8,1500000,1800000,1
2021-05-14 13:30:43,76.4,1500000,1800000,1
2021-05-14 13:30:44,75.8,1500000,1800000,1
2021-05-14 13:30:45,76.8,1500000,1800000,1
2021-05-14 13:30:47,76.8,1500000,1800000,1
2021-05-14 13:30:48,76.4,1500000,1800000,1
2021-05-14 13:30:49,76.2,1500000,1800000,1
2021-05-14 13:30:50,76.8,1500000,1800000,1
2021-05-14 13:30:52,76.6,1500000,1800000,1
2021-05-14 13:30:53,76.6,1500000,1800000,1
2021-05-14 13:30:54,76.4,1500000,1800000,1
2021-05-14 13:30:55,76.4,1500000,1800000,1
2021-05-14 13:30:57,76,1500000,1800000,1
2021-05-14 13:30:58,76.4,1500000,1800000,1
2021-05-14 13:30:59,76,1500000,1800000,1
2021-05-14 13:31:01,75.6,1500000,1800000,1
2021-05-14 13:31:02,76.4,1500000,1800000,1
2021-05-14 13:31:03,76.4,1500000,1800000,1
2021-05-14 13:31:04,76,1500000,1800000,1
2021-05-14 13:31:06,75.8,1500000,1700000,1
2021-05-14 13:31:07,76.8,1500000,1800000,1
2021-05-14 13:31:08,76.8,1500000,1800000,1
2021-05-14 13:31:09,76.6,1500000,1800000,1
2021-05-14 13:31:11,77.4,1500000,1700000,1
2021-05-14 13:31:12,76.2,1500000,1700000,1
2021-05-14 13:31:13,75.8,1500000,1800000,1
2021-05-14 13:31:14,76.6,1500000,1800000,1
2021-05-14 13:31:16,76.8,1500000,1800000,1
2021-05-14 13:31:17,76.8,1500000,1800000,1
2021-05-14 13:31:18,76.8,1500000,1800000,1
2021-05-14 13:31:19,76.8,1500000,1800000,1
2021-05-14 13:31:21,76.4,1500000,1800000,1
2021-05-14 13:31:22,76.8,1500000,1800000,1
2021-05-14 13:31:23,76.8,1500000,1800000,1
2021-05-14 13:31:24,76.2,1500000,1700000,1
2021-05-14 13:31:26,76.4,1500000,1800000,1
2021-05-14 13:31:27,76.8,1500000,1800000,1
2021-05-14 13:31:28,76.8,1500000,1800000,1
2021-05-14 13:31:30,77,1500000,1800000,1
2021-05-14 13:31:31,75.8,1500000,1700000,1
2021-05-14 13:31:32,76.4,1500000,1800000,1
2021-05-14 13:31:33,76.8,1500000,1800000,1
2021-05-14 13:31:35,75.8,1500000,1700000,1
2021-05-14 13:31:36,76.2,1500000,1800000,1
2021-05-14 13:31:37,77,1500000,1800000,1
2021-05-14 13:31:38,76.4,1500000,1700000,1
2021-05-14 13:31:40,76,1500000,1800000,1
2021-05-14 13:31:41,77.2,1500000,1800000,1
2021-05-14 13:31:42,77,1500000,1800000,1
2021-05-14 13:31:43,75.6,1500000,1800000,1
2021-05-14 13:31:45,76.4,1500000,1800000,1
2021-05-14 13:31:46,75.4,1500000,1700000,1
2021-05-14 13:31:47,76.4,1500000,1800000,1
2021-05-14 13:31:49,76.8,1500000,1800000,1
2021-05-14 13:31:50,76,1500000,1700000,1
2021-05-14 13:31:51,76.6,1500000,1800000,1
2021-05-14 13:31:52,77.2,1500000,1800000,1
2021-05-14 13:31:54,76,1500000,1800000,1
2021-05-14 13:31:55,77,1500000,1800000,1
2021-05-14 13:31:56,75.8,1500000,1700000,1
2021-05-14 13:31:57,77,1500000,1800000,1
2021-05-14 13:31:59,75.8,1500000,1700000,1
2021-05-14 13:32:00,77.2,1500000,1800000,1
2021-05-14 13:32:01,76.2,1500000,1700000,1
2021-05-14 13:32:02,77,1500000,1800000,1
2021-05-14 13:32:04,77.4,1500000,1800000,1
2021-05-14 13:32:05,75.8,1500000,1800000,1
2021-05-14 13:32:06,77.2,1500000,1800000,1
2021-05-14 13:32:07,76.4,1500000,1800000,1
2021-05-14 13:32:09,76.2,1500000,1700000,1
2021-05-14 13:32:10,77.2,1500000,1800000,1
2021-05-14 13:32:11,76.4,1500000,1700000,1
2021-05-14 13:32:12,77,1500000,1800000,1
2021-05-14 13:32:14,77.2,1500000,1700000,1
2021-05-14 13:32:15,77,1500000,1800000,1
2021-05-14 13:32:16,77.4,1500000,1700000,1
2021-05-14 13:32:17,76.8,1500000,1800000,1
2021-05-14 13:32:19,75.8,1500000,1700000,1
2021-05-14 13:32:20,77.2,1500000,1800000,1
2021-05-14 13:32:21,76.2,1500000,1800000,1
2021-05-14 13:32:22,77.2,1500000,1800000,1
2021-05-14 13:32:24,76.6,1500000,1700000,1
2021-05-14 13:32:25,77,1500000,1800000,1
2021-05-14 13:32:26,77.4,1500000,1700000,1
2021-05-14 13:32:28,76.8,1500000,1800000,1
2021-05-14 13:32:29,76,1500000,1800000,1
2021-05-14 13:32:30,77.2,1500000,1800000,1
2021-05-14 13:32:31,76.2,1500000,1700000,1
2021-05-14 13:32:33,77.2,1500000,1800000,1
2021-05-14 13:32:34,76.4,1500000,1800000,1
2021-05-14 13:32:35,76.4,1500000,1700000,1
2021-05-14 13:32:36,77.2,1500000,1800000,1
2021-05-14 13:32:38,75.8,1500000,1800000,1
2021-05-14 13:32:39,75.8,1500000,1800000,1
2021-05-14 13:32:40,77.2,1500000,1800000,1
2021-05-14 13:32:41,76,1500000,1700000,1
2021-05-14 13:32:43,77.4,1500000,1800000,1
2021-05-14 13:32:44,76,1500000,1700000,1
2021-05-14 13:32:45,77.2,1500000,1800000,1
2021-05-14 13:32:46,76.6,1500000,1800000,1
2021-05-14 13:32:48,76.6,1500000,1700000,1
2021-05-14 13:32:49,76.4,1500000,1700000,1
2021-05-14 13:32:50,77,1500000,1800000,1
2021-05-14 13:32:52,77,1500000,1700000,1
2021-05-14 13:32:53,77.2,1500000,1800000,1
2021-05-14 13:32:54,76.8,1500000,1800000,1
2021-05-14 13:32:55,76,1500000,1700000,1
2021-05-14 13:32:57,77.2,1500000,1800000,1
2021-05-14 13:32:58,76.8,1500000,1800000,1
2021-05-14 13:32:59,76.4,1500000,1700000,1
2021-05-14 13:33:00,77.2,1500000,1800000,1
2021-05-14 13:33:02,76.6,1500000,1700000,1
2021-05-14 13:33:03,76.6,1500000,1700000,1
2021-05-14 13:33:04,77.2,1500000,1800000,1
2021-05-14 13:33:05,75.8,1500000,1800000,1
2021-05-14 13:33:07,75.8,1500000,1800000,1
2021-05-14 13:33:08,77.4,1500000,1700000,1
2021-05-14 13:33:09,77.2,1500000,1800000,1
2021-05-14 13:33:10,76,1500000,1800000,1
2021-05-14 13:33:12,77.4,1500000,1800000,1
2021-05-14 13:33:13,77,1500000,1800000,1
2021-05-14 13:33:14,76.8,1500000,1800000,1
2021-05-14 13:33:16,76.4,1500000,1700000,1
2021-05-14 13:33:17,77.2,1500000,1800000,1
2021-05-14 13:33:18,76.2,1500000,1800000,1
2021-05-14 13:33:19,76.2,1500000,1800000,1
2021-05-14 13:33:21,76,1500000,1800000,1
2021-05-14 13:33:22,76,1500000,1800000,1
2021-05-14 13:33:23,77.2,1500000,1800000,1
2021-05-14 13:33:24,76.8,1500000,1800000,1
2021-05-14 13:33:26,76.8,1500000,1800000,1
2021-05-14 13:33:27,76.2,1500000,1700000,1
2021-05-14 13:33:28,76.6,1500000,1700000,1
2021-05-14 13:33:29,76.2,1500000,1700000,1
2021-05-14 13:33:31,76.4,1500000,1700000,1
2021-05-14 13:33:32,77.2,1500000,1800000,1
2021-05-14 13:33:33,76.2,1500000,1800000,1
2021-05-14 13:33:34,77.4,1500000,1700000,1
2021-05-14 13:33:36,77,1500000,1800000,1
2021-05-14 13:33:37,77,1500000,1800000,1
2021-05-14 13:33:38,77,1500000,1800000,1
2021-05-14 13:33:39,76.8,1500000,1800000,1
2021-05-14 13:33:41,76.4,1500000,1700000,1
2021-05-14 13:33:42,76.2,1500000,1700000,1
2021-05-14 13:33:43,76,1500000,1700000,1
2021-05-14 13:33:45,76,1500000,1700000,1
2021-05-14 13:33:46,76.2,1500000,1700000,1
2021-05-14 13:33:47,76.4,1500000,1700000,1
2021-05-14 13:33:48,77.2,1500000,1800000,1
2021-05-14 13:33:50,77,1500000,1800000,1
2021-05-14 13:33:51,76,1500000,1800000,1
2021-05-14 13:33:52,76,1500000,1800000,1
2021-05-14 13:33:53,76,1500000,1800000,1
2021-05-14 13:33:55,76,1500000,1700000,1
2021-05-14 13:33:56,76,1500000,1700000,1
2021-05-14 13:33:57,76,1500000,1700000,1
2021-05-14 13:33:59,76,1500000,1700000,1
2021-05-14 13:34:00,76,1500000,1700000,1
2021-05-14 13:34:01,76.4,1500000,1700000,1
2021-05-14 13:34:02,76.6,1500000,1700000,1
2021-05-14 13:34:04,76.6,1500000,1700000,1
2021-05-14 13:34:05,77.2,1500000,1800000,1
2021-05-14 13:34:06,77,1500000,1800000,1
2021-05-14 13:34:07,76,1500000,1800000,1
2021-05-14 13:34:09,76,1500000,1800000,1
2021-05-14 13:34:10,76,1500000,1700000,1
2021-05-14 13:34:11,76,1500000,1700000,1
2021-05-14 13:34:12,76,1500000,1700000,1
2021-05-14 13:34:14,76.2,1500000,1700000,1
2021-05-14 13:34:15,76.2,1500000,1700000,1
2021-05-14 13:34:16,76.4,1500000,1700000,1
2021-05-14 13:34:18,77.2,1500000,1800000,1
2021-05-14 13:34:19,76.2,1500000,1800000,1
2021-05-14 13:34:20,76,1500000,1800000,1
2021-05-14 13:34:21,76,1500000,1800000,1
2021-05-14 13:34:23,76,1500000,1800000,1
2021-05-14 13:34:24,76,1500000,1800000,1
2021-05-14 13:34:25,76,1500000,1700000,1
2021-05-14 13:34:26,76.2,1500000,1700000,1
2021-05-14 13:34:28,76.2,1500000,1700000,1
2021-05-14 13:34:29,76.4,1500000,1700000,1
2021-05-14 13:34:30,76.6,1500000,1700000,1
2021-05-14 13:34:31,76.6,1500000,1700000,1
2021-05-14 13:34:33,77,1500000,1700000,1
2021-05-14 13:34:34,77.4,1500000,1700000,1
2021-05-14 13:34:35,77.2,1500000,1800000,1
2021-05-14 13:34:36,76.8,1500000,1800000,1
2021-05-14 13:34:38,76.6,1500000,1800000,1
2021-05-14 13:34:39,76.8,1500000,1800000,1
2021-05-14 13:34:40,76.6,1500000,1800000,1
2021-05-14 13:34:41,76.2,1500000,1800000,1
2021-05-14 13:34:43,76,1500000,1800000,1
2021-05-14 13:34:44,76,1500000,1800000,1
2021-05-14 13:34:45,76,1500000,1800000,1
2021-05-14 13:34:47,76,1500000,1700000,1
2021-05-14 13:34:48,76.6,1500000,1800000,1
2021-05-14 13:34:49,76.6,1500000,1800000,1
2021-05-14 13:34:50,77,1500000,1700000,1
2021-05-14 13:34:51,76.2,1500000,1800000,1
2021-05-14 13:34:53,76,1500000,1800000,1
2021-05-14 13:34:54,75.8,1500000,1800000,1
2021-05-14 13:34:55,76,1500000,1700000,1
2021-05-14 13:34:57,76.4,1500000,1700000,1
2021-05-14 13:34:58,76.2,1500000,1700000,1
2021-05-14 13:34:59,76.4,1500000,1700000,1
2021-05-14 13:35:00,76.6,1500000,1700000,1
2021-05-14 13:35:02,76.6,1500000,1700000,1
2021-05-14 13:35:03,77.4,1500000,1700000,1
2021-05-14 13:35:04,76,1500000,1800000,1
2021-05-14 13:35:05,76,1500000,1700000,1
2021-05-14 13:35:07,76,1500000,1700000,1
2021-05-14 13:35:08,76.4,1500000,1700000,1
2021-05-14 13:35:09,76.4,1500000,1700000,1
2021-05-14 13:35:10,77.2,1500000,1800000,1
2021-05-14 13:35:12,76.4,1500000,1800000,1
2021-05-14 13:35:13,76,1500000,1800000,1
2021-05-14 13:35:14,76,1500000,1800000,1
2021-05-14 13:35:15,76,1500000,1700000,1
2021-05-14 13:35:17,76,1500000,1800000,1
2021-05-14 13:35:18,76,1500000,1700000,1
2021-05-14 13:35:19,76.8,1500000,1800000,1
2021-05-14 13:35:20,76.6,1500000,1800000,1
2021-05-14 13:35:22,76.8,1500000,1800000,1
2021-05-14 13:35:23,76.6,1500000,1800000,1
2021-05-14 13:35:24,76.2,1500000,1800000,1
2021-05-14 13:35:25,76,1500000,1800000,1
2021-05-14 13:35:27,76,1500000,1800000,1
2021-05-14 13:35:28,76,1500000,1700000,1
2021-05-14 13:35:29,76.2,1500000,1700000,1
2021-05-14 13:35:31,76.2,1500000,1700000,1
2021-05-14 13:35:32,76.4,1500000,1700000,1
2021-05-14 13:35:33,76.6,1500000,1700000,1
2021-05-14 13:35:34,77,1500000,1800000,1
2021-05-14 13:35:35,77.2,1500000,1800000,1
2021-05-14 13:35:37,77.2,1500000,1800000,1
2021-05-14 13:35:38,77,1500000,1800000,1
2021-05-14 13:35:39,77,1500000,1800000,1
2021-05-14 13:35:41,75.4,1500000,1600000,1
2021-05-14 13:35:42,74.8,1500000,1700000,1
2021-05-14 13:35:43,74.8,1500000,1700000,1
2021-05-14 13:35:44,76.4,1500000,1700000,1
2021-05-14 13:35:46,77,1500000,1800000,1
2021-05-14 13:35:47,76.4,1500000,1800000,1
2021-05-14 13:35:48,77,1500000,1700000,1
2021-05-14 13:35:49,75.8,1500000,1800000,1
2021-05-14 13:35:51,76,1500000,1800000,1
2021-05-14 13:35:52,76,1500000,1700000,1
2021-05-14 13:35:53,76,1500000,1700000,1
2021-05-14 13:35:54,76.2,1500000,1700000,1
2021-05-14 13:35:56,76.2,1500000,1700000,1
2021-05-14 13:35:57,76.2,1500000,1700000,1
2021-05-14 13:35:58,77.2,1500000,1800000,1
2021-05-14 13:36:00,76.4,1500000,1700000,1
2021-05-14 13:36:01,77.2,1500000,1800000,1
2021-05-14 13:36:02,77.2,1500000,1800000,1
2021-05-14 13:36:03,76.2,1500000,1800000,1
2021-05-14 13:36:05,76,1500000,1700000,1
2021-05-14 13:36:06,76.2,1500000,1700000,1
2021-05-14 13:36:07,76.2,1500000,1700000,1
2021-05-14 13:36:08,76.4,1500000,1700000,1
2021-05-14 13:36:10,76.6,1500000,1700000,1
2021-05-14 13:36:11,76.4,1500000,1800000,1
2021-05-14 13:36:12,76.4,1500000,1800000,1
2021-05-14 13:36:13,75.8,1500000,1800000,1
2021-05-14 13:36:15,76,1500000,1800000,1
2021-05-14 13:36:16,76,1500000,1800000,1
2021-05-14 13:36:17,76.4,1500000,1700000,1
2021-05-14 13:36:18,76.4,1500000,1700000,1
2021-05-14 13:36:20,76.4,1500000,1700000,1
2021-05-14 13:36:21,77.4,1500000,1800000,1
2021-05-14 13:36:22,76.8,1500000,1800000,1
2021-05-14 13:36:23,76.4,1500000,1800000,1
2021-05-14 13:36:25,76.4,1500000,1800000,1
2021-05-14 13:36:26,76,1500000,1800000,1
2021-05-14 13:36:27,76,1500000,1800000,1
2021-05-14 13:36:28,76,1500000,1800000,1
2021-05-14 13:36:30,76.2,1500000,1700000,1
2021-05-14 13:36:31,76,1500000,1700000,1
2021-05-14 13:36:32,76.4,1500000,1700000,1
2021-05-14 13:36:34,76.4,1500000,1700000,1
2021-05-14 13:36:35,76.6,1500000,1700000,1
2021-05-14 13:36:36,76.6,1500000,1700000,1
2021-05-14 13:36:37,76.4,1500000,1700000,1
2021-05-14 13:36:39,77.4,1500000,1800000,1
2021-05-14 13:36:40,77.2,1500000,1800000,1
2021-05-14 13:36:41,77.2,1500000,1800000,1
2021-05-14 13:36:42,77.2,1500000,1800000,1
2021-05-14 13:36:44,77.2,1500000,1800000,1
2021-05-14 13:36:45,77.2,1500000,1800000,1
2021-05-14 13:36:46,77,1500000,1800000,1
2021-05-14 13:36:47,77.2,1500000,1800000,1
2021-05-14 13:36:49,76.8,1500000,1800000,1
2021-05-14 13:36:50,76.8,1500000,1800000,1
2021-05-14 13:36:51,76.8,1500000,1800000,1
2021-05-14 13:36:53,76.6,1500000,1800000,1
2021-05-14 13:36:54,76.4,1500000,1800000,1
2021-05-14 13:36:55,76,1500000,1800000,1
2021-05-14 13:36:56,76,1500000,1800000,1
2021-05-14 13:36:58,76.4,1500000,1700000,1
2021-05-14 13:36:59,76.4,1500000,1700000,1
2021-05-14 13:37:00,76.4,1500000,1700000,1
2021-05-14 13:37:01,76.4,1500000,1700000,1
2021-05-14 13:37:03,76.6,1500000,1700000,1
2021-05-14 13:37:04,76.4,1500000,1800000,1
2021-05-14 13:37:05,76.4,1500000,1800000,1
2021-05-14 13:37:06,76,1500000,1800000,1
2021-05-14 13:37:08,76.2,1500000,1800000,1
2021-05-14 13:37:09,76.4,1500000,1700000,1
2021-05-14 13:37:10,76.4,1500000,1700000,1
2021-05-14 13:37:11,76.4,1500000,1700000,1
2021-05-14 13:37:13,76.4,1500000,1700000,1
2021-05-14 13:37:14,76.4,1500000,1700000,1
2021-05-14 13:37:15,76.4,1500000,1700000,1
2021-05-14 13:37:16,77,1500000,1700000,1
2021-05-14 13:37:18,77.4,1500000,1800000,1
2021-05-14 13:37:19,77.2,1500000,1800000,1
2021-05-14 13:37:20,77.2,1500000,1800000,1
2021-05-14 13:37:22,77.2,1500000,1800000,1
2021-05-14 13:37:23,77.2,1500000,1800000,1
2021-05-14 13:37:24,77,1500000,1800000,1
2021-05-14 13:37:25,77.2,1500000,1800000,1
2021-05-14 13:37:27,77,1500000,1800000,1
2021-05-14 13:37:28,76.8,1500000,1800000,1
2021-05-14 13:37:29,76.4,1500000,1800000,1
2021-05-14 13:37:30,76.4,1500000,1800000,1
2021-05-14 13:37:32,76,1500000,1800000,1
2021-05-14 13:37:33,76,1500000,1800000,1
2021-05-14 13:37:34,76,1500000,1800000,1
2021-05-14 13:37:35,76.4,1500000,1700000,1
2021-05-14 13:37:37,76.4,1500000,1700000,1
2021-05-14 13:37:38,76.2,1500000,1700000,1
2021-05-14 13:37:39,76.2,1500000,1700000,1
2021-05-14 13:37:41,76.4,1500000,1700000,1
2021-05-14 13:37:42,76.4,1500000,1700000,1
2021-05-14 13:37:43,76.8,1500000,1800000,1
2021-05-14 13:37:44,76.8,1500000,1800000,1
2021-05-14 13:37:46,76.4,1500000,1800000,1
2021-05-14 13:37:47,76.6,1500000,1800000,1
2021-05-14 13:37:48,76.4,1500000,1800000,1
2021-05-14 13:37:49,76.4,1500000,1800000,1
2021-05-14 13:37:51,76.2,1500000,1800000,1
2021-05-14 13:37:52,77.2,1500000,1800000,1
2021-05-14 13:37:53,77.2,1500000,1800000,1
2021-05-14 13:37:55,77.2,1500000,1800000,1
2021-05-14 13:37:56,77.2,1500000,1800000,1
2021-05-14 13:37:57,77.2,1500000,1800000,1
2021-05-14 13:37:58,77.2,1500000,1800000,1
2021-05-14 13:38:00,77,1500000,1800000,1
2021-05-14 13:38:01,76.8,1500000,1800000,1
2021-05-14 13:38:02,76.6,1500000,1800000,1
2021-05-14 13:38:03,76.6,1500000,1800000,1
2021-05-14 13:38:05,76.4,1500000,1800000,1
2021-05-14 13:38:06,76,1500000,1800000,1
2021-05-14 13:38:07,77.2,1500000,1800000,1
2021-05-14 13:38:08,77,1500000,1800000,1
2021-05-14 13:38:10,77.2,1500000,1800000,1
2021-05-14 13:38:11,77.2,1500000,1800000,1
2021-05-14 13:38:12,77.2,1500000,1800000,1
2021-05-14 13:38:13,77.2,1500000,1800000,1
2021-05-14 13:38:15,76.8,1500000,1800000,1
2021-05-14 13:38:16,77,1500000,1800000,1
2021-05-14 13:38:17,76.4,1500000,1800000,1
2021-05-14 13:38:19,76.4,1500000,1800000,1
2021-05-14 13:38:20,76.4,1500000,1800000,1
2021-05-14 13:38:21,76.2,1500000,1800000,1
2021-05-14 13:38:22,77.2,1500000,1800000,1
2021-05-14 13:38:24,77.2,1500000,1800000,1
2021-05-14 13:38:25,77.2,1500000,1700000,1
2021-05-14 13:38:26,76.4,1500000,1700000,1
2021-05-14 13:38:27,76.4,1500000,1700000,1
2021-05-14 13:38:29,75,1500000,1700000,1
2021-05-14 13:38:30,74.8,1500000,1700000,1
2021-05-14 13:38:31,74.8,1500000,1700000,1
2021-05-14 13:38:32,76.4,1500000,1700000,1
2021-05-14 13:38:34,76.6,1500000,1700000,1
2021-05-14 13:38:35,76.8,1500000,1700000,1
2021-05-14 13:38:36,76.8,1500000,1700000,1
2021-05-14 13:38:38,76.4,1500000,1800000,1
2021-05-14 13:38:39,76.4,1500000,1800000,1
2021-05-14 13:38:40,76.2,1500000,1800000,1
2021-05-14 13:38:41,76.2,1500000,1700000,1
2021-05-14 13:38:43,75,1500000,1700000,1
2021-05-14 13:38:44,74.8,1500000,1700000,1
2021-05-14 13:38:45,74.8,1500000,1700000,1
2021-05-14 13:38:46,76.6,1500000,1800000,1
2021-05-14 13:38:48,75,1500000,1700000,1
2021-05-14 13:38:49,74.8,1500000,1700000,1
2021-05-14 13:38:50,74.4,1500000,1700000,1
2021-05-14 13:38:51,77.2,1500000,1800000,1
2021-05-14 13:38:53,76,1500000,1700000,1
2021-05-14 13:38:54,77.4,1500000,1800000,1
2021-05-14 13:38:55,77.2,1500000,1800000,1
2021-05-14 13:38:56,77,1500000,1800000,1
2021-05-14 13:38:58,76.8,1500000,1800000,1
2021-05-14 13:38:59,76.8,1500000,1800000,1
2021-05-14 13:39:00,76.6,1500000,1800000,1
2021-05-14 13:39:02,76.4,1500000,1800000,1
2021-05-14 13:39:03,76.2,1500000,1800000,1
2021-05-14 13:39:04,76.2,1500000,1800000,1
2021-05-14 13:39:05,75,1500000,1700000,1
2021-05-14 13:39:07,74.8,1500000,1700000,1
2021-05-14 13:39:08,76.6,1500000,1800000,1
2021-05-14 13:39:09,76.6,1500000,1800000,1
2021-05-14 13:39:10,76.6,1500000,1800000,1
2021-05-14 13:39:12,76.4,1500000,1800000,1
2021-05-14 13:39:13,76.4,1500000,1800000,1
2021-05-14 13:39:14,76.2,1500000,1800000,1
2021-05-14 13:39:15,75,1500000,1700000,1
2021-05-14 13:39:17,74.8,1500000,1700000,1
2021-05-14 13:39:18,74.8,1500000,1700000,1
2021-05-14 13:39:19,76.4,1500000,1700000,1
2021-05-14 13:39:20,77.2,1500000,1800000,1
2021-05-14 13:39:22,76.6,1500000,1800000,1
2021-05-14 13:39:23,76.6,1500000,1800000,1
2021-05-14 13:39:24,76.4,1500000,1800000,1
2021-05-14 13:39:25,75.8,1500000,1800000,1
2021-05-14 13:39:27,76,1500000,1800000,1
2021-05-14 13:39:28,76,1500000,1800000,1
2021-05-14 13:39:29,76.2,1500000,1700000,1
2021-05-14 13:39:31,76.4,1500000,1700000,1
2021-05-14 13:39:32,76.4,1500000,1700000,1
2021-05-14 13:39:33,76.8,1500000,1800000,1
2021-05-14 13:39:34,76.6,1500000,1800000,1
2021-05-14 13:39:36,76.4,1500000,1800000,1
2021-05-14 13:39:37,76.4,1500000,1800000,1
2021-05-14 13:39:38,76,1500000,1800000,1
2021-05-14 13:39:39,76,1500000,1800000,1
2021-05-14 13:39:41,76.4,1500000,1800000,1
2021-05-14 13:39:42,76.2,1500000,1700000,1
2021-05-14 13:39:43,76.2,1500000,1700000,1
2021-05-14 13:39:44,77,1500000,1800000,1
2021-05-14 13:39:46,76.6,1500000,1800000,1
2021-05-14 13:39:47,76.6,1500000,1800000,1
2021-05-14 13:39:48,76.2,1500000,1800000,1
2021-05-14 13:39:49,76,1500000,1800000,1
2021-05-14 13:39:51,76.2,1500000,1700000,1
2021-05-14 13:39:52,77,1500000,1800000,1
2021-05-14 13:39:53,76.8,1500000,1800000,1
2021-05-14 13:39:54,76.8,1500000,1800000,1
2021-05-14 13:39:56,76.6,1500000,1800000,1
2021-05-14 13:39:57,76.4,1500000,1800000,1
2021-05-14 13:39:58,77.2,1500000,1700000,1
2021-05-14 13:39:59,76,1500000,1700000,1
2021-05-14 13:40:01,76.4,1500000,1700000,1
2021-05-14 13:40:02,76.2,1500000,1700000,1
2021-05-14 13:40:03,76.8,1500000,1800000,1
2021-05-14 13:40:04,76.8,1500000,1800000,1
2021-05-14 13:40:06,76.8,1500000,1800000,1
2021-05-14 13:40:07,76.6,1500000,1800000,1
2021-05-14 13:40:08,76.6,1500000,1800000,1
2021-05-14 13:40:10,77.2,1500000,1800000,1
2021-05-14 13:40:11,77.2,1500000,1700000,1
2021-05-14 13:40:12,76,1500000,1700000,1
2021-05-14 13:40:13,76.4,1500000,1700000,1
2021-05-14 13:40:15,76.4,1500000,1700000,1
2021-05-14 13:40:16,76.4,1500000,1700000,1
2021-05-14 13:40:17,76.6,1500000,1800000,1
2021-05-14 13:40:18,76.6,1500000,1800000,1
2021-05-14 13:40:20,76,1500000,1800000,1
2021-05-14 13:40:21,76.4,1500000,1700000,1
2021-05-14 13:40:22,76.2,1500000,1700000,1
2021-05-14 13:40:23,76.4,1500000,1700000,1
2021-05-14 13:40:25,76.6,1500000,1800000,1
2021-05-14 13:40:26,76.8,1500000,1800000,1
2021-05-14 13:40:27,76.4,1500000,1800000,1
2021-05-14 13:40:28,76,1500000,1800000,1
2021-05-14 13:40:30,77,1500000,1700000,1
2021-05-14 13:40:31,77.4,1500000,1700000,1
2021-05-14 13:40:32,76.2,1500000,1700000,1
2021-05-14 13:40:33,76.2,1500000,1700000,1
2021-05-14 13:40:35,76.4,1500000,1700000,1
2021-05-14 13:40:36,76.8,1500000,1800000,1
2021-05-14 13:40:37,76.8,1500000,1800000,1
2021-05-14 13:40:38,76.8,1500000,1800000,1
2021-05-14 13:40:40,76.6,1500000,1800000,1
2021-05-14 13:40:41,77.2,1500000,1700000,1
2021-05-14 13:40:42,76,1500000,1800000,1
2021-05-14 13:40:43,76,1500000,1800000,1
2021-05-14 13:40:45,77.2,1500000,1800000,1
2021-05-14 13:40:46,77.2,1500000,1800000,1
2021-05-14 13:40:47,77.2,1500000,1800000,1
2021-05-14 13:40:49,76.8,1500000,1800000,1
2021-05-14 13:40:50,76.8,1500000,1800000,1
2021-05-14 13:40:51,76.8,1500000,1800000,1
2021-05-14 13:40:52,77,1500000,1700000,1
2021-05-14 13:40:54,76,1500000,1800000,1
2021-05-14 13:40:55,76.2,1500000,1700000,1
2021-05-14 13:40:56,77.2,1500000,1800000,1
2021-05-14 13:40:57,77.2,1500000,1800000,1
2021-05-14 13:40:59,77,1500000,1800000,1
2021-05-14 13:41:00,76.8,1500000,1800000,1
2021-05-14 13:41:01,76.8,1500000,1800000,1
2021-05-14 13:41:02,76.8,1500000,1800000,1
2021-05-14 13:41:04,76.6,1500000,1800000,1
2021-05-14 13:41:05,76,1500000,1800000,1
2021-05-14 13:41:06,76.2,1500000,1800000,1
2021-05-14 13:41:07,77.2,1500000,1800000,1
2021-05-14 13:41:09,77.2,1500000,1800000,1
2021-05-14 13:41:10,77.2,1500000,1800000,1
2021-05-14 13:41:11,76.8,1500000,1800000,1
2021-05-14 13:41:12,76.8,1500000,1700000,1
2021-05-14 13:41:14,77,1500000,1700000,1
2021-05-14 13:41:15,76,1500000,1800000,1
2021-05-14 13:41:16,76.2,1500000,1800000,1
2021-05-14 13:41:17,76.4,1500000,1700000,1
2021-05-14 13:41:19,77,1500000,1800000,1
2021-05-14 13:41:20,77.2,1500000,1800000,1
2021-05-14 13:41:21,77.2,1500000,1800000,1
2021-05-14 13:41:22,77,1500000,1800000,1
2021-05-14 13:41:24,76.6,1500000,1800000,1
2021-05-14 13:41:25,77,1500000,1700000,1
2021-05-14 13:41:26,76,1500000,1800000,1
2021-05-14 13:41:28,77.2,1500000,1700000,1
2021-05-14 13:41:29,76,1500000,1700000,1
2021-05-14 13:41:30,76.2,1500000,1700000,1
2021-05-14 13:41:31,77.2,1500000,1800000,1
2021-05-14 13:41:33,76.8,1500000,1800000,1
2021-05-14 13:41:34,76.8,1500000,1800000,1
2021-05-14 13:41:35,76.6,1500000,1800000,1
2021-05-14 13:41:36,76.2,1500000,1800000,1
2021-05-14 13:41:38,76.4,1500000,1800000,1
2021-05-14 13:41:39,76.2,1500000,1800000,1
2021-05-14 13:41:40,77.2,1500000,1800000,1
2021-05-14 13:41:41,77,1500000,1800000,1
2021-05-14 13:41:43,77.2,1500000,1800000,1
2021-05-14 13:41:44,77.2,1500000,1800000,1
2021-05-14 13:41:45,77.2,1500000,1800000,1
2021-05-14 13:41:46,76.8,1500000,1800000,1
2021-05-14 13:41:48,76.6,1500000,1700000,1
2021-05-14 13:41:49,76.6,1500000,1800000,1
2021-05-14 13:41:50,76.4,1500000,1800000,1
2021-05-14 13:41:52,77.2,1500000,1800000,1
2021-05-14 13:41:53,77.2,1500000,1800000,1
2021-05-14 13:41:54,77.2,1500000,1800000,1
2021-05-14 13:41:55,77.2,1500000,1800000,1
2021-05-14 13:41:57,77,1500000,1800000,1
2021-05-14 13:41:58,77,1500000,1800000,1
2021-05-14 13:41:59,76.8,1500000,1800000,1
2021-05-14 13:42:00,76.8,1500000,1800000,1
2021-05-14 13:42:02,76.8,1500000,1800000,1
2021-05-14 13:42:03,77,1500000,1700000,1
2021-05-14 13:42:04,76,1500000,1800000,1
2021-05-14 13:42:05,76.2,1500000,1800000,1
2021-05-14 13:42:07,77.2,1500000,1800000,1
2021-05-14 13:42:08,77.2,1500000,1800000,1
2021-05-14 13:42:09,77.2,1500000,1800000,1
2021-05-14 13:42:10,76.4,1500000,1700000,1
2021-05-14 13:42:12,76.6,1500000,1700000,1
2021-05-14 13:42:13,76.8,1500000,1800000,1
2021-05-14 13:42:14,76.8,1500000,1800000,1
2021-05-14 13:42:15,76.2,1500000,1800000,1
2021-05-14 13:42:17,77.2,1500000,1800000,1
2021-05-14 13:42:18,77.2,1500000,1800000,1
2021-05-14 13:42:19,77.2,1500000,1800000,1
2021-05-14 13:42:20,77.2,1500000,1800000,1
2021-05-14 13:42:22,77.2,1500000,1800000,1
2021-05-14 13:42:23,77.2,1500000,1800000,1
2021-05-14 13:42:24,77.2,1500000,1800000,1
2021-05-14 13:42:26,77,1500000,1800000,1
2021-05-14 13:42:27,77.2,1500000,1800000,1
2021-05-14 13:42:28,77,1500000,1700000,1
2021-05-14 13:42:29,76,1500000,1800000,1
2021-05-14 13:42:31,76.4,1500000,1800000,1
2021-05-14 13:42:32,77.2,1500000,1800000,1
2021-05-14 13:42:33,77.2,1500000,1800000,1
2021-05-14 13:42:34,77.2,1500000,1800000,1
2021-05-14 13:42:36,77.2,1500000,1800000,1
2021-05-14 13:42:37,77.2,1500000,1800000,1
2021-05-14 13:42:38,76.6,1500000,1700000,1
2021-05-14 13:42:39,76.4,1500000,1800000,1
2021-05-14 13:42:41,76.2,1500000,1800000,1
2021-05-14 13:42:42,77.4,1500000,1800000,1
2021-05-14 13:42:43,77.4,1500000,1700000,1
2021-05-14 13:42:44,76.2,1500000,1700000,1
2021-05-14 13:42:46,76.4,1500000,1700000,1
2021-05-14 13:42:47,77.2,1500000,1800000,1
2021-05-14 13:42:48,77.2,1500000,1800000,1
2021-05-14 13:42:50,76.8,1500000,1800000,1
2021-05-14 13:42:51,76.8,1500000,1800000,1
2021-05-14 13:42:52,76.4,1500000,1800000,1
2021-05-14 13:42:53,75.2,1500000,1700000,1
2021-05-14 13:42:55,74.8,1500000,1700000,1
2021-05-14 13:42:56,74.8,1500000,1700000,1
2021-05-14 13:42:57,74.6,1500000,1700000,1
2021-05-14 13:42:58,76.4,1500000,1800000,1
2021-05-14 13:43:00,76.6,1500000,1700000,1
2021-05-14 13:43:01,76.4,1500000,1800000,1
2021-05-14 13:43:02,76.6,1500000,1800000,1
2021-05-14 13:43:03,76.4,1500000,1800000,1
2021-05-14 13:43:05,76.4,1500000,1800000,1
2021-05-14 13:43:06,75.2,1500000,1700000,1
2021-05-14 13:43:07,74.8,1500000,1700000,1
2021-05-14 13:43:08,74.8,1500000,1700000,1
2021-05-14 13:43:10,75.8,1500000,1700000,1
2021-05-14 13:43:11,76.2,1500000,1700000,1
2021-05-14 13:43:12,76.4,1500000,1700000,1
2021-05-14 13:43:13,76.4,1500000,1700000,1
2021-05-14 13:43:15,76.6,1500000,1800000,1
2021-05-14 13:43:16,76.6,1500000,1800000,1
2021-05-14 13:43:17,76.4,1500000,1800000,1
2021-05-14 13:43:19,77.2,1500000,1800000,1
2021-05-14 13:43:20,77.2,1500000,1800000,1
2021-05-14 13:43:21,77.2,1500000,1800000,1
2021-05-14 13:43:22,77,1500000,1800000,1
2021-05-14 13:43:24,77.2,1500000,1800000,1
2021-05-14 13:43:25,77,1500000,1800000,1
2021-05-14 13:43:26,76.8,1500000,1800000,1
2021-05-14 13:43:27,76.8,1500000,1800000,1
2021-05-14 13:43:29,76.4,1500000,1800000,1
2021-05-14 13:43:30,76.2,1500000,1800000,1
2021-05-14 13:43:31,76,1500000,1800000,1
2021-05-14 13:43:32,76.2,1500000,1800000,1
2021-05-14 13:43:34,76.2,1500000,1800000,1
2021-05-14 13:43:35,77.2,1500000,1800000,1
2021-05-14 13:43:36,77,1500000,1800000,1
2021-05-14 13:43:37,76.8,1500000,1800000,1
2021-05-14 13:43:39,76.6,1500000,1800000,1
2021-05-14 13:43:40,76.4,1500000,1800000,1
2021-05-14 13:43:41,76.2,1500000,1800000,1
2021-05-14 13:43:42,76.4,1500000,1800000,1
2021-05-14 13:43:44,77.2,1500000,1800000,1
2021-05-14 13:43:45,77.2,1500000,1800000,1
2021-05-14 13:43:46,77.2,1500000,1800000,1
2021-05-14 13:43:48,77,1500000,1800000,1
2021-05-14 13:43:49,77,1500000,1800000,1
2021-05-14 13:43:50,76.8,1500000,1800000,1
2021-05-14 13:43:51,76.8,1500000,1800000,1
2021-05-14 13:43:53,76.8,1500000,1800000,1
2021-05-14 13:43:54,76.6,1500000,1800000,1
2021-05-14 13:43:55,76.4,1500000,1800000,1
2021-05-14 13:43:56,76.4,1500000,1800000,1
2021-05-14 13:43:58,77.4,1500000,1700000,1
2021-05-14 13:43:59,76,1500000,1800000,1
2021-05-14 13:44:00,75.2,1500000,1700000,1
2021-05-14 13:44:01,74.8,1500000,1700000,1
2021-05-14 13:44:03,74.8,1500000,1700000,1
2021-05-14 13:44:04,76.4,1500000,1800000,1
2021-05-14 13:44:05,76.4,1500000,1800000,1
2021-05-14 13:44:06,76.4,1500000,1800000,1
2021-05-14 13:44:08,76.2,1500000,1800000,1
2021-05-14 13:44:09,76,1500000,1800000,1
2021-05-14 13:44:10,76,1500000,1800000,1
2021-05-14 13:44:11,76.2,1500000,1700000,1
2021-05-14 13:44:13,77.2,1500000,1800000,1
2021-05-14 13:44:14,77,1500000,1800000,1
2021-05-14 13:44:15,76.8,1500000,1800000,1
2021-05-14 13:44:17,75,1500000,1700000,1
2021-05-14 13:44:18,74.8,1500000,1700000,1
2021-05-14 13:44:19,74.8,1500000,1700000,1
2021-05-14 13:44:20,75.8,1500000,1800000,1
2021-05-14 13:44:22,77.4,1500000,1700000,1
2021-05-14 13:44:23,76,1500000,1800000,1
2021-05-14 13:44:24,76,1500000,1800000,1
2021-05-14 13:44:25,76.2,1500000,1700000,1
2021-05-14 13:44:27,75.2,1500000,1700000,1
2021-05-14 13:44:28,74.8,1500000,1700000,1
2021-05-14 13:44:29,76.8,1500000,1800000,1
2021-05-14 13:44:30,76.2,1500000,1800000,1
2021-05-14 13:44:32,76.4,1500000,1800000,1
2021-05-14 13:44:33,76.2,1500000,1800000,1
2021-05-14 13:44:34,76,1500000,1800000,1
2021-05-14 13:44:35,76,1500000,1800000,1
2021-05-14 13:44:37,77.2,1500000,1800000,1
2021-05-14 13:44:38,77.2,1500000,1800000,1
2021-05-14 13:44:39,77.2,1500000,1800000,1
2021-05-14 13:44:41,77.2,1500000,1800000,1
2021-05-14 13:44:42,77,1500000,1800000,1
2021-05-14 13:44:43,76.6,1500000,1800000,1
2021-05-14 13:44:44,76.4,1500000,1800000,1
2021-05-14 13:44:46,75.2,1500000,1700000,1
2021-05-14 13:44:47,74.8,1500000,1700000,1
2021-05-14 13:44:48,74.8,1500000,1700000,1
2021-05-14 13:44:49,76.8,1500000,1800000,1
2021-05-14 13:44:51,77,1500000,1800000,1
2021-05-14 13:44:52,75,1500000,1600000,1
2021-05-14 13:44:53,74.8,1500000,1700000,1
2021-05-14 13:44:54,76.4,1500000,1800000,1
2021-05-14 13:44:56,77,1500000,1700000,1
2021-05-14 13:44:57,77,1500000,1700000,1
2021-05-14 13:44:58,77.2,1500000,1800000,1
2021-05-14 13:44:59,77.4,1500000,1800000,1
2021-05-14 13:45:01,77.2,1500000,1800000,1
2021-05-14 13:45:02,76.4,1500000,1700000,1
2021-05-14 13:45:03,75.2,1500000,1700000,1
2021-05-14 13:45:04,74.8,1500000,1700000,1
2021-05-14 13:45:06,74.8,1500000,1700000,1
2021-05-14 13:45:07,76.4,1500000,1700000,1
2021-05-14 13:45:08,77.2,1500000,1800000,1
2021-05-14 13:45:10,76.4,1500000,1800000,1
2021-05-14 13:45:11,77.6,1500000,1700000,1
2021-05-14 13:45:12,76.4,1500000,1700000,1
2021-05-14 13:45:13,76.4,1500000,1700000,1
2021-05-14 13:45:15,76.2,1500000,1700000,1
2021-05-14 13:45:16,76.4,1500000,1700000,1
2021-05-14 13:45:17,76.4,1500000,1700000,1
2021-05-14 13:45:18,76.4,1500000,1700000,1
2021-05-14 13:45:20,77.4,1500000,1800000,1
2021-05-14 13:45:21,77.2,1500000,1800000,1
2021-05-14 13:45:22,77.2,1500000,1800000,1
2021-05-14 13:45:23,77.2,1500000,1800000,1
2021-05-14 13:45:25,77.2,1500000,1800000,1
2021-05-14 13:45:26,76.8,1500000,1800000,1
2021-05-14 13:45:27,77,1500000,1800000,1
2021-05-14 13:45:28,76.8,1500000,1800000,1
2021-05-14 13:45:30,76.8,1500000,1800000,1
2021-05-14 13:45:31,76.6,1500000,1800000,1
2021-05-14 13:45:32,76.4,1500000,1800000,1
2021-05-14 13:45:33,76,1500000,1800000,1
2021-05-14 13:45:35,76.4,1500000,1800000,1
2021-05-14 13:45:36,76.2,1500000,1800000,1
2021-05-14 13:45:37,76.2,1500000,1800000,1
2021-05-14 13:45:39,76.4,1500000,1700000,1
2021-05-14 13:45:40,76.4,1500000,1700000,1
2021-05-14 13:45:41,77.2,1500000,1800000,1
2021-05-14 13:45:42,76.8,1500000,1800000,1
2021-05-14 13:45:44,76.6,1500000,1800000,1
2021-05-14 13:45:45,76.4,1500000,1800000,1
2021-05-14 13:45:46,76,1500000,1800000,1
2021-05-14 13:45:47,76.2,1500000,1800000,1
2021-05-14 13:45:49,76.2,1500000,1700000,1
2021-05-14 13:45:50,76.2,1500000,1700000,1
2021-05-14 13:45:51,77,1500000,1800000,1
2021-05-14 13:45:52,77,1500000,1800000,1
2021-05-14 13:45:54,77.2,1500000,1800000,1
2021-05-14 13:45:55,77.2,1500000,1800000,1
2021-05-14 13:45:56,77,1500000,1800000,1
2021-05-14 13:45:57,76.8,1500000,1800000,1
2021-05-14 13:45:59,76.8,1500000,1800000,1
2021-05-14 13:46:00,76.4,1500000,1800000,1
2021-05-14 13:46:01,76.4,1500000,1800000,1
2021-05-14 13:46:03,76.4,1500000,1700000,1
2021-05-14 13:46:04,77.2,1500000,1800000,1
2021-05-14 13:46:05,77.2,1500000,1800000,1
2021-05-14 13:46:06,77.2,1500000,1800000,1
2021-05-14 13:46:08,77,1500000,1800000,1
2021-05-14 13:46:09,76.4,1500000,1800000,1
2021-05-14 13:46:10,76.4,1500000,1800000,1
2021-05-14 13:46:11,76.2,1500000,1800000,1
2021-05-14 13:46:13,76.4,1500000,1800000,1
2021-05-14 13:46:14,76.2,1500000,1700000,1
2021-05-14 13:46:15,77.2,1500000,1800000,1
2021-05-14 13:46:16,77,1500000,1800000,1
2021-05-14 13:46:18,76.8,1500000,1800000,1
2021-05-14 13:46:19,76.8,1500000,1800000,1
2021-05-14 13:46:20,76.6,1500000,1800000,1
2021-05-14 13:46:21,76.4,1500000,1800000,1
2021-05-14 13:46:23,76.4,1500000,1800000,1
2021-05-14 13:46:24,76.2,1500000,1800000,1
2021-05-14 13:46:25,76.4,1500000,1800000,1
2021-05-14 13:46:26,77.2,1500000,1800000,1
2021-05-14 13:46:28,77.2,1500000,1800000,1
2021-05-14 13:46:29,77.2,1500000,1800000,1
2021-05-14 13:46:30,77.2,1500000,1800000,1
2021-05-14 13:46:31,77.2,1500000,1800000,1
2021-05-14 13:46:33,77,1500000,1800000,1
2021-05-14 13:46:34,77,1500000,1800000,1
2021-05-14 13:46:35,77,1500000,1800000,1
2021-05-14 13:46:37,76.4,1500000,1800000,1
2021-05-14 13:46:38,76.4,1500000,1800000,1
2021-05-14 13:46:39,76.4,1500000,1800000,1
2021-05-14 13:46:40,76.4,1500000,1800000,1
2021-05-14 13:46:42,77.2,1500000,1800000,1
2021-05-14 13:46:43,77.2,1500000,1800000,1
2021-05-14 13:46:44,77.2,1500000,1800000,1
2021-05-14 13:46:45,77.2,1500000,1800000,1
2021-05-14 13:46:47,77,1500000,1800000,1
2021-05-14 13:46:48,76.8,1500000,1800000,1
2021-05-14 13:46:49,76.6,1500000,1800000,1
2021-05-14 13:46:50,76.4,1500000,1800000,1
2021-05-14 13:46:52,76.4,1500000,1800000,1
2021-05-14 13:46:53,76.4,1500000,1800000,1
2021-05-14 13:46:54,76.4,1500000,1700000,1
2021-05-14 13:46:55,76.4,1500000,1700000,1
2021-05-14 13:46:57,77.2,1500000,1800000,1
2021-05-14 13:46:58,77,1500000,1800000,1
2021-05-14 13:46:59,76.8,1500000,1800000,1
2021-05-14 13:47:01,76.4,1500000,1800000,1
2021-05-14 13:47:02,76.8,1500000,1800000,1
2021-05-14 13:47:03,76.2,1500000,1800000,1
2021-05-14 13:47:04,76.4,1500000,1800000,1
2021-05-14 13:47:06,77.2,1500000,1800000,1
2021-05-14 13:47:07,77.2,1500000,1800000,1
2021-05-14 13:47:08,77.2,1500000,1800000,1
2021-05-14 13:47:09,76.8,1500000,1800000,1
2021-05-14 13:47:11,76.6,1500000,1800000,1
2021-05-14 13:47:12,76.4,1500000,1800000,1
2021-05-14 13:47:13,76.4,1500000,1800000,1
2021-05-14 13:47:14,76.4,1500000,1800000,1
2021-05-14 13:47:16,76.4,1500000,1700000,1
2021-05-14 13:47:17,77.2,1500000,1800000,1
2021-05-14 13:47:18,77.2,1500000,1800000,1
2021-05-14 13:47:19,77.2,1500000,1800000,1
2021-05-14 13:47:21,77.2,1500000,1800000,1
2021-05-14 13:47:22,77.2,1500000,1800000,1
2021-05-14 13:47:23,76.8,1500000,1800000,1
2021-05-14 13:47:24,76.6,1500000,1800000,1
2021-05-14 13:47:26,76.4,1500000,1800000,1
2021-05-14 13:47:27,76.2,1500000,1800000,1
2021-05-14 13:47:28,76.4,1500000,1800000,1
2021-05-14 13:47:29,76.4,1500000,1700000,1
2021-05-14 13:47:31,76.4,1500000,1700000,1
2021-05-14 13:47:32,77.2,1500000,1800000,1
2021-05-14 13:47:33,77.2,1500000,1800000,1
2021-05-14 13:47:35,76.8,1500000,1800000,1
2021-05-14 13:47:36,76.4,1500000,1800000,1
2021-05-14 13:47:37,76.4,1500000,1800000,1
2021-05-14 13:47:38,75.4,1500000,1700000,1
2021-05-14 13:47:40,74.8,1500000,1700000,1
2021-05-14 13:47:41,74.8,1500000,1700000,1
2021-05-14 13:47:42,74.8,1500000,1700000,1
2021-05-14 13:47:43,76.8,1500000,1700000,1
2021-05-14 13:47:45,77.2,1500000,1800000,1
2021-05-14 13:47:46,77.2,1500000,1800000,1
2021-05-14 13:47:47,77.2,1500000,1800000,1
2021-05-14 13:47:48,77,1500000,1800000,1
2021-05-14 13:47:49,75.2,1500000,1700000,1
2021-05-14 13:47:51,74.8,1500000,1700000,1
2021-05-14 13:47:52,74.8,1500000,1700000,1
2021-05-14 13:47:53,74.4,1500000,1700000,1
2021-05-14 13:47:55,76.8,1500000,1700000,1
2021-05-14 13:47:56,77,1500000,1800000,1
2021-05-14 13:47:57,77.2,1500000,1800000,1
2021-05-14 13:47:58,77.2,1500000,1800000,1
2021-05-14 13:48:00,77.2,1500000,1800000,1
2021-05-14 13:48:01,77,1500000,1800000,1
2021-05-14 13:48:02,77,1500000,1800000,1
2021-05-14 13:48:03,77,1500000,1800000,1
2021-05-14 13:48:05,76.8,1500000,1800000,1
2021-05-14 13:48:06,76.4,1500000,1800000,1
2021-05-14 13:48:07,76.8,1500000,1800000,1
2021-05-14 13:48:08,76.6,1500000,1800000,1
2021-05-14 13:48:10,76.4,1500000,1800000,1
2021-05-14 13:48:11,76.2,1500000,1800000,1
2021-05-14 13:48:12,76.4,1500000,1700000,1
2021-05-14 13:48:14,77.2,1500000,1800000,1
2021-05-14 13:48:15,77.2,1500000,1800000,1
2021-05-14 13:48:16,77.2,1500000,1800000,1
2021-05-14 13:48:17,77,1500000,1800000,1
2021-05-14 13:48:19,76.8,1500000,1800000,1
2021-05-14 13:48:20,76.6,1500000,1800000,1
2021-05-14 13:48:21,77.2,1500000,1800000,1
2021-05-14 13:48:22,77,1500000,1800000,1
2021-05-14 13:48:24,77.4,1500000,1800000,1
2021-05-14 13:48:25,77.2,1500000,1800000,1
2021-05-14 13:48:26,76,1500000,1700000,1
2021-05-14 13:48:27,76.4,1500000,1700000,1
2021-05-14 13:48:29,76.6,1500000,1800000,1
2021-05-14 13:48:30,76.6,1500000,1800000,1
2021-05-14 13:48:31,76.2,1500000,1800000,1
2021-05-14 13:48:32,76.4,1500000,1800000,1
2021-05-14 13:48:34,77.2,1500000,1800000,1
2021-05-14 13:48:35,77.2,1500000,1800000,1
2021-05-14 13:48:36,77.2,1500000,1800000,1
2021-05-14 13:48:37,76.8,1500000,1800000,1
2021-05-14 13:48:39,76.8,1500000,1800000,1
2021-05-14 13:48:40,76.4,1500000,1800000,1
2021-05-14 13:48:41,76.2,1500000,1800000,1
2021-05-14 13:48:42,77.4,1500000,1800000,1
2021-05-14 13:48:44,77.2,1500000,1800000,1
2021-05-14 13:48:45,77.2,1500000,1800000,1
2021-05-14 13:48:46,77,1500000,1800000,1
2021-05-14 13:48:47,76.8,1500000,1800000,1
2021-05-14 13:48:49,76.8,1500000,1800000,1
2021-05-14 13:48:50,76.6,1500000,1800000,1
2021-05-14 13:48:51,76.4,1500000,1800000,1
2021-05-14 13:48:52,76.2,1500000,1800000,1
2021-05-14 13:48:54,76.4,1500000,1700000,1
2021-05-14 13:48:55,76.8,1500000,1800000,1
2021-05-14 13:48:56,76.8,1500000,1800000,1
2021-05-14 13:48:57,76.4,1500000,1800000,1
2021-05-14 13:48:59,77.4,1500000,1700000,1
2021-05-14 13:49:00,76.2,1500000,1700000,1
2021-05-14 13:49:01,76.4,1500000,1700000,1
2021-05-14 13:49:02,77,1500000,1800000,1
2021-05-14 13:49:04,76.8,1500000,1800000,1
2021-05-14 13:49:05,76.6,1500000,1800000,1
2021-05-14 13:49:06,76.4,1500000,1800000,1
2021-05-14 13:49:07,76.2,1500000,1800000,1
2021-05-14 13:49:09,77.2,1500000,1800000,1
2021-05-14 13:49:10,77.2,1500000,1800000,1
2021-05-14 13:49:11,77.2,1500000,1800000,1
2021-05-14 13:49:12,77.2,1500000,1800000,1
2021-05-14 13:49:14,77.2,1500000,1800000,1
2021-05-14 13:49:15,77.2,1500000,1800000,1
2021-05-14 13:49:16,76.8,1500000,1800000,1
2021-05-14 13:49:18,76.8,1500000,1800000,1
2021-05-14 13:49:19,76.6,1500000,1800000,1
2021-05-14 13:49:20,77,1500000,1700000,1
2021-05-14 13:49:21,76,1500000,1800000,1
2021-05-14 13:49:23,76.2,1500000,1800000,1
2021-05-14 13:49:24,77.2,1500000,1800000,1
2021-05-14 13:49:25,77.2,1500000,1800000,1
2021-05-14 13:49:26,75.2,1500000,1700000,1
2021-05-14 13:49:28,74.8,1500000,1700000,1
2021-05-14 13:49:29,74.8,1500000,1700000,1
2021-05-14 13:49:30,74.8,1500000,1700000,1
2021-05-14 13:49:31,76.4,1500000,1700000,1
2021-05-14 13:49:33,76.4,1500000,1700000,1
2021-05-14 13:49:34,76.8,1500000,1700000,1
2021-05-14 13:49:35,76.4,1500000,1800000,1
2021-05-14 13:49:37,75.8,1500000,1800000,1
2021-05-14 13:49:38,75.2,1500000,1700000,1
2021-05-14 13:49:39,74.8,1500000,1700000,1
2021-05-14 13:49:40,74.8,1500000,1700000,1
2021-05-14 13:49:42,74.6,1500000,1700000,1
2021-05-14 13:49:43,76.2,1500000,1700000,1
2021-05-14 13:49:44,76.2,1500000,1700000,1
2021-05-14 13:49:45,76.2,1500000,1700000,1
2021-05-14 13:49:47,75,1500000,1700000,1
2021-05-14 13:49:48,74.8,1500000,1700000,1
2021-05-14 13:49:49,74.6,1500000,1700000,1
2021-05-14 13:49:50,74.6,1500000,1700000,1
2021-05-14 13:49:52,74.2,1500000,1700000,1
2021-05-14 13:49:53,74.2,1500000,1700000,1
2021-05-14 13:49:54,75.6,1500000,1700000,1
2021-05-14 13:49:55,77,1500000,1800000,1
2021-05-14 13:49:57,76.8,1500000,1800000,1
2021-05-14 13:49:58,76.4,1500000,1800000,1
2021-05-14 13:49:59,76.6,1500000,1800000,1
2021-05-14 13:50:00,76.4,1500000,1800000,1
2021-05-14 13:50:02,76.2,1500000,1800000,1
2021-05-14 13:50:03,76,1500000,1800000,1
2021-05-14 13:50:04,76.2,1500000,1800000,1
2021-05-14 13:50:06,75.2,1500000,1700000,1
2021-05-14 13:50:07,74.8,1500000,1700000,1
2021-05-14 13:50:08,74.8,1500000,1700000,1
2021-05-14 13:50:09,76.4,1500000,1800000,1
2021-05-14 13:50:11,75.4,1500000,1600000,1
2021-05-14 13:50:12,74.8,1500000,1700000,1
2021-05-14 13:50:13,74.6,1500000,1700000,1
2021-05-14 13:50:14,76.8,1500000,1700000,1
2021-05-14 13:50:16,77.2,1500000,1800000,1
2021-05-14 13:50:17,77,1500000,1800000,1
2021-05-14 13:50:18,77.2,1500000,1800000,1
2021-05-14 13:50:19,77.2,1500000,1800000,1
2021-05-14 13:50:21,77.2,1500000,1800000,1
2021-05-14 13:50:22,77.2,1500000,1800000,1
2021-05-14 13:50:23,75,1500000,1700000,1
2021-05-14 13:50:25,74.8,1500000,1700000,1
2021-05-14 13:50:26,74.8,1500000,1700000,1
2021-05-14 13:50:27,76.8,1500000,1700000,1
2021-05-14 13:50:28,77.2,1500000,1800000,1
2021-05-14 13:50:30,77.2,1500000,1800000,1
2021-05-14 13:50:31,77.2,1500000,1800000,1
2021-05-14 13:50:32,77,1500000,1800000,1
2021-05-14 13:50:33,77.2,1500000,1800000,1
2021-05-14 13:50:35,77,1500000,1800000,1
2021-05-14 13:50:36,76.8,1500000,1800000,1
2021-05-14 13:50:37,76.8,1500000,1800000,1
2021-05-14 13:50:38,75,1500000,1700000,1
2021-05-14 13:50:40,74.8,1500000,1700000,1
2021-05-14 13:50:41,74.8,1500000,1700000,1
2021-05-14 13:50:42,74.4,1500000,1800000,1
2021-05-14 13:50:43,75.8,1500000,1800000,1
2021-05-14 13:50:45,75.8,1500000,1700000,1
2021-05-14 13:50:46,77.4,1500000,1800000,1
2021-05-14 13:50:47,76,1500000,1700000,1
2021-05-14 13:50:49,76.2,1500000,1700000,1
2021-05-14 13:50:50,76.4,1500000,1700000,1
2021-05-14 13:50:51,76.6,1500000,1700000,1
2021-05-14 13:50:52,76.8,1500000,1800000,1
2021-05-14 13:50:54,76.6,1500000,1800000,1
2021-05-14 13:50:55,76.4,1500000,1800000,1
2021-05-14 13:50:56,75,1500000,1700000,1
2021-05-14 13:50:57,74.8,1500000,1700000,1
2021-05-14 13:50:59,74.8,1500000,1800000,1
2021-05-14 13:51:00,75.8,1500000,1700000,1
2021-05-14 13:51:01,76,1500000,1700000,1
2021-05-14 13:51:02,76.2,1500000,1700000,1
2021-05-14 13:51:04,76.2,1500000,1700000,1
2021-05-14 13:51:05,75.2,1500000,1700000,1
2021-05-14 13:51:06,74.8,1500000,1700000,1
2021-05-14 13:51:08,74.6,1500000,1700000,1
2021-05-14 13:51:09,76,1500000,1800000,1
2021-05-14 13:51:10,77,1500000,1800000,1
2021-05-14 13:51:11,76.2,1500000,1800000,1
2021-05-14 13:51:13,76,1500000,1800000,1
2021-05-14 13:51:14,76,1500000,1800000,1
2021-05-14 13:51:15,76.4,1500000,1700000,1
2021-05-14 13:51:16,77,1500000,1800000,1
2021-05-14 13:51:18,77,1500000,1800000,1
2021-05-14 13:51:19,77,1500000,1800000,1
2021-05-14 13:51:20,76.8,1500000,1800000,1
2021-05-14 13:51:21,76.8,1500000,1800000,1
2021-05-14 13:51:23,75,1500000,1700000,1
2021-05-14 13:51:24,74.8,1500000,1700000,1
2021-05-14 13:51:25,74.6,1500000,1800000,1
2021-05-14 13:51:26,75.8,1500000,1700000,1
2021-05-14 13:51:28,77.4,1500000,1800000,1
2021-05-14 13:51:29,77.4,1500000,1800000,1
2021-05-14 13:51:30,76.8,1500000,1800000,1
2021-05-14 13:51:31,76.8,1500000,1800000,1
2021-05-14 13:51:33,76.4,1500000,1800000,1
2021-05-14 13:51:34,76,1500000,1800000,1
2021-05-14 13:51:35,76.2,1500000,1800000,1
2021-05-14 13:51:37,76.2,1500000,1800000,1
2021-05-14 13:51:38,77.2,1500000,1800000,1
2021-05-14 13:51:39,77.2,1500000,1800000,1
2021-05-14 13:51:40,77.2,1500000,1800000,1
2021-05-14 13:51:42,77.2,1500000,1800000,1
2021-05-14 13:51:43,77,1500000,1800000,1
2021-05-14 13:51:44,77,1500000,1800000,1
2021-05-14 13:51:45,76.6,1500000,1800000,1
2021-05-14 13:51:47,76.4,1500000,1800000,1
2021-05-14 13:51:48,76.2,1500000,1800000,1
2021-05-14 13:51:49,77,1500000,1800000,1
2021-05-14 13:51:50,77.2,1500000,1800000,1
2021-05-14 13:51:52,77.2,1500000,1800000,1
2021-05-14 13:51:53,77.2,1500000,1800000,1
2021-05-14 13:51:54,77,1500000,1800000,1
2021-05-14 13:51:55,77.2,1500000,1800000,1
2021-05-14 13:51:57,77.2,1500000,1800000,1
2021-05-14 13:51:58,76.8,1500000,1800000,1
2021-05-14 13:51:59,76.8,1500000,1800000,1
2021-05-14 13:52:01,76.8,1500000,1800000,1
2021-05-14 13:52:02,76.4,1500000,1800000,1
2021-05-14 13:52:03,76.4,1500000,1800000,1
2021-05-14 13:52:04,76.2,1500000,1800000,1
2021-05-14 13:52:06,76.4,1500000,1800000,1
2021-05-14 13:52:07,76.4,1500000,1700000,1
2021-05-14 13:52:08,77.2,1500000,1800000,1
2021-05-14 13:52:09,77.2,1500000,1800000,1
2021-05-14 13:52:11,77.2,1500000,1800000,1
2021-05-14 13:52:12,77,1500000,1800000,1
2021-05-14 13:52:13,76.8,1500000,1800000,1
2021-05-14 13:52:14,76.6,1500000,1800000,1
2021-05-14 13:52:16,76,1500000,1800000,1
2021-05-14 13:52:17,76.4,1500000,1800000,1
2021-05-14 13:52:18,76.4,1500000,1800000,1
2021-05-14 13:52:19,76.4,1500000,1700000,1
2021-05-14 13:52:21,77.2,1500000,1800000,1
2021-05-14 13:52:22,77.2,1500000,1800000,1
2021-05-14 13:52:23,77,1500000,1800000,1
2021-05-14 13:52:25,76.4,1500000,1800000,1
2021-05-14 13:52:26,76.4,1500000,1800000,1
2021-05-14 13:52:27,76.2,1500000,1800000,1
2021-05-14 13:52:28,76.4,1500000,1800000,1
2021-05-14 13:52:30,76.4,1500000,1700000,1
2021-05-14 13:52:31,76.4,1500000,1700000,1
2021-05-14 13:52:32,76.4,1500000,1700000,1
2021-05-14 13:52:33,76.2,1500000,1700000,1
2021-05-14 13:52:35,76.4,1500000,1700000,1
2021-05-14 13:52:36,77,1500000,1800000,1
2021-05-14 13:52:37,77,1500000,1800000,1
2021-05-14 13:52:38,77,1500000,1800000,1
2021-05-14 13:52:40,76.4,1500000,1800000,1
2021-05-14 13:52:41,76.4,1500000,1800000,1
2021-05-14 13:52:42,76.4,1500000,1800000,1
2021-05-14 13:52:43,76.4,1500000,1700000,1
2021-05-14 13:52:45,76.4,1500000,1700000,1
2021-05-14 13:52:46,76.4,1500000,1700000,1
2021-05-14 13:52:47,77.2,1500000,1800000,1
2021-05-14 13:52:49,77.2,1500000,1800000,1
2021-05-14 13:52:50,77,1500000,1800000,1
2021-05-14 13:52:51,76.8,1500000,1800000,1
2021-05-14 13:52:52,76.4,1500000,1800000,1
2021-05-14 13:52:54,76.2,1500000,1800000,1
2021-05-14 13:52:55,76.4,1500000,1800000,1
2021-05-14 13:52:56,77.2,1500000,1800000,1
2021-05-14 13:52:57,77.2,1500000,1800000,1
2021-05-14 13:52:59,77.2,1500000,1800000,1
2021-05-14 13:53:00,77.2,1500000,1800000,1
2021-05-14 13:53:01,77.2,1500000,1800000,1
2021-05-14 13:53:02,77,1500000,1800000,1
2021-05-14 13:53:04,77,1500000,1800000,1
2021-05-14 13:53:05,76.4,1500000,1800000,1
2021-05-14 13:53:06,77.2,1500000,1800000,1
2021-05-14 13:53:07,77.2,1500000,1800000,1
2021-05-14 13:53:09,77.2,1500000,1800000,1
2021-05-14 13:53:10,77.2,1500000,1800000,1
2021-05-14 13:53:11,77.2,1500000,1800000,1
2021-05-14 13:53:12,77.2,1500000,1800000,1
2021-05-14 13:53:14,77,1500000,1800000,1
2021-05-14 13:53:15,76.8,1500000,1800000,1
2021-05-14 13:53:16,76.8,1500000,1800000,1
2021-05-14 13:53:18,76.4,1500000,1800000,1
2021-05-14 13:53:19,76.4,1500000,1800000,1
2021-05-14 13:53:20,77.2,1500000,1800000,1
2021-05-14 13:53:21,77.4,1500000,1800000,1
2021-05-14 13:53:23,77.2,1500000,1800000,1
2021-05-14 13:53:24,77.2,1500000,1800000,1
2021-05-14 13:53:25,76.4,1500000,1700000,1
2021-05-14 13:53:26,77.2,1500000,1800000,1
2021-05-14 13:53:28,77.2,1500000,1800000,1
2021-05-14 13:53:29,77,1500000,1800000,1
2021-05-14 13:53:30,77,1500000,1800000,1
2021-05-14 13:53:31,77,1500000,1800000,1
2021-05-14 13:53:33,76.8,1500000,1800000,1
2021-05-14 13:53:34,77.2,1500000,1700000,1
2021-05-14 13:53:35,77.2,1500000,1700000,1
2021-05-14 13:53:37,76.2,1500000,1800000,1
2021-05-14 13:53:38,76.2,1500000,1800000,1
2021-05-14 13:53:39,77.2,1500000,1800000,1
2021-05-14 13:53:40,77.2,1500000,1800000,1
2021-05-14 13:53:42,77.2,1500000,1800000,1
2021-05-14 13:53:43,77.2,1500000,1800000,1
2021-05-14 13:53:44,77.2,1500000,1800000,1
2021-05-14 13:53:45,77,1500000,1800000,1
2021-05-14 13:53:47,76.6,1500000,1700000,1
2021-05-14 13:53:48,76.8,1500000,1800000,1
2021-05-14 13:53:49,76.4,1500000,1800000,1
2021-05-14 13:53:50,76.4,1500000,1800000,1
2021-05-14 13:53:52,76.4,1500000,1800000,1
2021-05-14 13:53:53,77.2,1500000,1700000,1
2021-05-14 13:53:54,76.2,1500000,1800000,1
2021-05-14 13:53:56,76.4,1500000,1700000,1
2021-05-14 13:53:57,77.2,1500000,1800000,1
2021-05-14 13:53:58,77.2,1500000,1800000,1
2021-05-14 13:53:59,77.2,1500000,1800000,1
2021-05-14 13:54:01,77.2,1500000,1800000,1
2021-05-14 13:54:02,76.8,1500000,1800000,1
2021-05-14 13:54:03,76.8,1500000,1800000,1
2021-05-14 13:54:04,76.6,1500000,1700000,1
2021-05-14 13:54:06,76.8,1500000,1800000,1
2021-05-14 13:54:07,76.8,1500000,1800000,1
2021-05-14 13:54:08,76.8,1500000,1800000,1
2021-05-14 13:54:10,76.4,1500000,1800000,1
2021-05-14 13:54:11,77.2,1500000,1800000,1
2021-05-14 13:54:12,77.2,1500000,1800000,1
2021-05-14 13:54:13,77.2,1500000,1800000,1
2021-05-14 13:54:15,77.2,1500000,1800000,1
2021-05-14 13:54:16,77,1500000,1800000,1
2021-05-14 13:54:17,76.8,1500000,1700000,1
2021-05-14 13:54:18,76.8,1500000,1800000,1
2021-05-14 13:54:20,76.8,1500000,1800000,1
2021-05-14 13:54:21,76.2,1500000,1800000,1
2021-05-14 13:54:22,76.4,1500000,1800000,1
2021-05-14 13:54:23,77.2,1500000,1800000,1
2021-05-14 13:54:25,76.4,1500000,1700000,1
2021-05-14 13:54:26,76.4,1500000,1700000,1
2021-05-14 13:54:27,76.8,1500000,1800000,1
2021-05-14 13:54:28,76.8,1500000,1800000,1
2021-05-14 13:54:30,76.8,1500000,1800000,1
2021-05-14 13:54:31,76,1500000,1800000,1
2021-05-14 13:54:32,76,1500000,1800000,1
2021-05-14 13:54:33,77.2,1500000,1800000,1
2021-05-14 13:54:35,77.4,1500000,1800000,1
2021-05-14 13:54:36,77.2,1500000,1800000,1
2021-05-14 13:54:37,77.2,1500000,1800000,1
2021-05-14 13:54:39,76.4,1500000,1700000,1
2021-05-14 13:54:40,77,1500000,1800000,1
2021-05-14 13:54:41,76.8,1500000,1800000,1
2021-05-14 13:54:42,76.8,1500000,1800000,1
2021-05-14 13:54:44,76.6,1500000,1800000,1
2021-05-14 13:54:45,76.6,1500000,1800000,1
2021-05-14 13:54:46,77.4,1500000,1800000,1
2021-05-14 13:54:47,77.4,1500000,1700000,1
2021-05-14 13:54:49,76.4,1500000,1700000,1
2021-05-14 13:54:50,77.2,1500000,1800000,1
2021-05-14 13:54:51,76.8,1500000,1800000,1
2021-05-14 13:54:52,77.2,1500000,1800000,1
2021-05-14 13:54:54,77,1500000,1800000,1
2021-05-14 13:54:55,76.6,1500000,1700000,1
2021-05-14 13:54:56,76.4,1500000,1800000,1
2021-05-14 13:54:57,76.4,1500000,1800000,1
2021-05-14 13:54:59,76.2,1500000,1800000,1
2021-05-14 13:55:00,77.4,1500000,1800000,1
2021-05-14 13:55:01,77.4,1500000,1700000,1
2021-05-14 13:55:02,76.2,1500000,1700000,1
2021-05-14 13:55:04,77.2,1500000,1800000,1
2021-05-14 13:55:05,77.2,1500000,1800000,1
2021-05-14 13:55:06,77.2,1500000,1800000,1
2021-05-14 13:55:08,77.2,1500000,1800000,1
2021-05-14 13:55:09,76.6,1500000,1800000,1
2021-05-14 13:55:10,76.4,1500000,1800000,1
2021-05-14 13:55:11,76.4,1500000,1800000,1
2021-05-14 13:55:13,76.4,1500000,1700000,1
2021-05-14 13:55:14,77.2,1500000,1800000,1
2021-05-14 13:55:15,77.2,1500000,1800000,1
2021-05-14 13:55:16,77.2,1500000,1800000,1
2021-05-14 13:55:18,77.2,1500000,1800000,1
2021-05-14 13:55:19,76.8,1500000,1800000,1
2021-05-14 13:55:20,77,1500000,1800000,1
2021-05-14 13:55:21,77.2,1500000,1700000,1
2021-05-14 13:55:23,76.4,1500000,1800000,1
2021-05-14 13:55:24,76.2,1500000,1800000,1
2021-05-14 13:55:25,77.2,1500000,1800000,1
2021-05-14 13:55:26,77.4,1500000,1800000,1
2021-05-14 13:55:28,77.2,1500000,1800000,1
2021-05-14 13:55:29,76.4,1500000,1700000,1
2021-05-14 13:55:30,77,1500000,1800000,1
2021-05-14 13:55:31,76.8,1500000,1800000,1
2021-05-14 13:55:33,76.8,1500000,1700000,1
2021-05-14 13:55:34,76.4,1500000,1800000,1
2021-05-14 13:55:35,76.4,1500000,1800000,1
2021-05-14 13:55:36,76.4,1500000,1700000,1
2021-05-14 13:55:38,77.2,1500000,1800000,1
2021-05-14 13:55:39,77.2,1500000,1800000,1
2021-05-14 13:55:40,77.2,1500000,1800000,1
2021-05-14 13:55:42,77.2,1500000,1800000,1
2021-05-14 13:55:43,76.8,1500000,1800000,1
2021-05-14 13:55:44,77,1500000,1700000,1
2021-05-14 13:55:45,76.4,1500000,1800000,1
2021-05-14 13:55:47,76.2,1500000,1800000,1
2021-05-14 13:55:48,77.4,1500000,1800000,1
2021-05-14 13:55:49,77.2,1500000,1800000,1
2021-05-14 13:55:50,76.4,1500000,1700000,1
2021-05-14 13:55:52,77,1500000,1800000,1
2021-05-14 13:55:53,77,1500000,1800000,1
2021-05-14 13:55:54,76.6,1500000,1800000,1
2021-05-14 13:55:55,77.2,1500000,1700000,1
2021-05-14 13:55:57,76.4,1500000,1800000,1
2021-05-14 13:55:58,76.4,1500000,1700000,1
2021-05-14 13:55:59,77.2,1500000,1800000,1
2021-05-14 13:56:00,77.2,1500000,1800000,1
2021-05-14 13:56:02,77.2,1500000,1800000,1
2021-05-14 13:56:03,77.2,1500000,1800000,1
2021-05-14 13:56:04,77,1500000,1800000,1
2021-05-14 13:56:05,75.6,1500000,1700000,1
2021-05-14 13:56:07,75,1500000,1700000,1
2021-05-14 13:56:08,76,1500000,1800000,1
2021-05-14 13:56:09,76.4,1500000,1800000,1
2021-05-14 13:56:10,76.4,1500000,1700000,1
2021-05-14 13:56:12,77.2,1500000,1800000,1
2021-05-14 13:56:13,77.2,1500000,1800000,1
2021-05-14 13:56:14,76.8,1500000,1800000,1
2021-05-14 13:56:15,76.6,1500000,1800000,1
2021-05-14 13:56:17,76.4,1500000,1800000,1
2021-05-14 13:56:18,76.4,1500000,1800000,1
2021-05-14 13:56:19,77.2,1500000,1800000,1
2021-05-14 13:56:21,77.2,1500000,1700000,1
2021-05-14 13:56:22,76.4,1500000,1700000,1
2021-05-14 13:56:23,77.2,1500000,1800000,1
2021-05-14 13:56:24,77.2,1500000,1800000,1
2021-05-14 13:56:26,77.2,1500000,1800000,1
2021-05-14 13:56:27,75.2,1500000,1700000,1
2021-05-14 13:56:28,74.8,1500000,1700000,1
2021-05-14 13:56:29,74.8,1500000,1700000,1
2021-05-14 13:56:31,75.6,1500000,1800000,1
2021-05-14 13:56:32,76,1500000,1800000,1
2021-05-14 13:56:33,76.2,1500000,1700000,1
2021-05-14 13:56:34,76.4,1500000,1700000,1
2021-05-14 13:56:36,76.4,1500000,1700000,1
2021-05-14 13:56:37,77.2,1500000,1800000,1
2021-05-14 13:56:38,76.6,1500000,1800000,1
2021-05-14 13:56:39,76.6,1500000,1800000,1
2021-05-14 13:56:41,76.8,1500000,1800000,1
2021-05-14 13:56:42,76.8,1500000,1800000,1
2021-05-14 13:56:43,76.4,1500000,1800000,1
2021-05-14 13:56:44,77.2,1500000,1800000,1
2021-05-14 13:56:46,77.2,1500000,1800000,1
2021-05-14 13:56:47,77.2,1500000,1800000,1
2021-05-14 13:56:48,77.2,1500000,1800000,1
2021-05-14 13:56:50,77.2,1500000,1800000,1
2021-05-14 13:56:51,77.2,1500000,1800000,1
2021-05-14 13:56:52,77.2,1500000,1800000,1
2021-05-14 13:56:53,77,1500000,1800000,1
2021-05-14 13:56:55,76.6,1500000,1800000,1
2021-05-14 13:56:56,76.4,1500000,1800000,1
2021-05-14 13:56:57,77.2,1500000,1700000,1
2021-05-14 13:56:58,76.4,1500000,1700000,1
2021-05-14 13:57:00,77.2,1500000,1800000,1
2021-05-14 13:57:01,77.2,1500000,1800000,1
2021-05-14 13:57:02,77.2,1500000,1800000,1
2021-05-14 13:57:03,77.2,1500000,1800000,1
2021-05-14 13:57:05,77,1500000,1800000,1
2021-05-14 13:57:06,76.6,1500000,1800000,1
2021-05-14 13:57:07,76.2,1500000,1800000,1
2021-05-14 13:57:08,77.2,1500000,1800000,1
2021-05-14 13:57:10,77.2,1500000,1800000,1
2021-05-14 13:57:11,76.2,1500000,1700000,1
2021-05-14 13:57:12,77,1500000,1800000,1
2021-05-14 13:57:13,77,1500000,1800000,1
2021-05-14 13:57:15,77,1500000,1800000,1
2021-05-14 13:57:16,76.6,1500000,1800000,1
2021-05-14 13:57:17,76.4,1500000,1800000,1
2021-05-14 13:57:18,77.2,1500000,1700000,1
2021-05-14 13:57:20,76.2,1500000,1700000,1
2021-05-14 13:57:21,76.4,1500000,1700000,1
2021-05-14 13:57:22,77.2,1500000,1800000,1
2021-05-14 13:57:24,77.2,1500000,1800000,1
2021-05-14 13:57:25,77,1500000,1800000,1
2021-05-14 13:57:26,77.2,1500000,1800000,1
2021-05-14 13:57:27,76.6,1500000,1800000,1
2021-05-14 13:57:29,58,600000,1500000,1
2021-05-14 13:57:29,57.4,600000,1500000,0
2021-05-14 13:57:30,55.2,600000,2000000,0
2021-05-14 13:57:31,52.2,600000,600000,0
2021-05-14 13:57:32,51.6,600000,2000000,0
2021-05-14 13:57:33,50.6,600000,600000,0
2021-05-14 13:57:34,48,600000,600000,0
2021-05-14 13:57:35,48.8,600000,2000000,0
2021-05-14 13:57:36,48.6,600000,2000000,0
2021-05-14 13:57:37,46.4,600000,600000,0
2021-05-14 13:57:38,45.8,600000,600000,0
2021-05-14 13:57:40,47.2,600000,2000000,0
2021-05-14 13:57:41,47.2,600000,2000000,0
2021-05-14 13:57:42,45.2,600000,600000,0
2021-05-14 13:57:43,46.4,600000,2000000,0
2021-05-14 13:57:44,46.2,600000,2000000,0
2021-05-14 13:57:45,44.4,600000,600000,0
2021-05-14 13:57:46,45.8,600000,2000000,0
2021-05-14 13:57:47,46.2,600000,2000000,0
2021-05-14 13:57:48,44,600000,600000,0
2021-05-14 13:57:49,45.2,600000,2000000,0
2021-05-14 13:57:50,45,600000,2000000,0
2021-05-14 13:57:51,43.4,600000,600000,0
2021-05-14 13:57:52,44.6,600000,2000000,0
2021-05-14 13:57:53,45,600000,2000000,0
2021-05-14 13:57:55,43,600000,600000,0
2021-05-14 13:57:56,44.6,600000,2000000,0
2021-05-14 13:57:57,44,600000,600000,0
2021-05-14 13:57:58,42.4,600000,600000,0
2021-05-14 13:57:59,44,600000,2000000,0
2021-05-14 13:58:00,43.8,600000,600000,0
2021-05-14 13:58:01,42,600000,600000,0
2021-05-14 13:58:02,43.4,600000,2000000,0
2021-05-14 13:58:03,43.4,600000,600000,0
2021-05-14 13:58:04,43.2,600000,2000000,0
2021-05-14 13:58:05,43.6,600000,2000000,0
2021-05-14 13:58:06,41.8,600000,600000,0
2021-05-14 13:58:08,43.2,600000,2000000,0
2021-05-14 13:58:09,43,600000,2000000,0
2021-05-14 13:58:10,41.4,600000,600000,0
2021-05-14 13:58:11,42.4,600000,2000000,0
2021-05-14 13:58:12,43,600000,2000000,0
2021-05-14 13:58:13,41,600000,600000,0
2021-05-14 13:58:14,42,600000,2000000,0
2021-05-14 13:58:15,42.4,600000,2000000,0
2021-05-14 13:58:16,40.8,600000,600000,0
2021-05-14 13:58:17,42.2,600000,2000000,0
2021-05-14 13:58:18,42.2,600000,2000000,0
2021-05-14 13:58:19,40.6,600000,600000,0
2021-05-14 13:58:20,41.8,600000,2000000,0
2021-05-14 13:58:21,41.6,600000,600000,0
2021-05-14 13:58:23,42,600000,2000000,0
2021-05-14 13:58:24,41.6,600000,600000,0
2021-05-14 13:58:25,41.6,600000,2000000,0
2021-05-14 13:58:26,42,600000,2000000,0
2021-05-14 13:58:27,40.2,600000,600000,0
2021-05-14 13:58:28,41.4,600000,2000000,0
2021-05-14 13:58:29,41.2,600000,600000,0
2021-05-14 13:58:30,41.4,600000,2000000,0
2021-05-14 13:58:31,41.4,600000,2000000,0
2021-05-14 13:58:32,39.8,600000,600000,0
2021-05-14 13:58:33,41,600000,2000000,0
2021-05-14 13:58:34,41.2,600000,2000000,0
2021-05-14 13:58:35,39.4,600000,600000,0
2021-05-14 13:58:37,41,600000,2000000,0
2021-05-14 13:58:38,40.8,600000,600000,0
2021-05-14 13:58:39,41,600000,2000000,0
2021-05-14 13:58:40,41.2,600000,2000000,0
2021-05-14 13:58:41,39.4,600000,600000,0
2021-05-14 13:58:42,40.6,600000,2000000,0
2021-05-14 13:58:43,40.4,600000,600000,0
2021-05-14 13:58:44,40.4,600000,2000000,0
2021-05-14 13:58:45,40.6,600000,2000000,0
2021-05-14 13:58:46,38.8,600000,600000,0
2021-05-14 13:58:47,38.4,600000,600000,0
2021-05-14 13:58:49,40,600000,2000000,0
2021-05-14 13:58:50,40,600000,2000000,0
2021-05-14 13:58:51,38.6,600000,600000,0
2021-05-14 13:58:52,40,600000,2000000,0
2021-05-14 13:58:53,39.6,600000,600000,0
2021-05-14 13:58:54,40,600000,2000000,0
2021-05-14 13:58:55,40,600000,2000000,0
2021-05-14 13:58:56,38.4,600000,600000,0
2021-05-14 13:58:57,39.6,600000,2000000,0
2021-05-14 13:58:58,39.8,600000,2000000,0
2021-05-14 13:58:59,38.4,600000,600000,0
2021-05-14 13:59:00,39.4,600000,2000000,0
2021-05-14 13:59:01,39.8,600000,2000000,0
2021-05-14 13:59:02,38,600000,600000,0
2021-05-14 13:59:04,39.2,600000,2000000,0
2021-05-14 13:59:05,39,600000,600000,0
2021-05-14 13:59:06,39.4,600000,2000000,0
2021-05-14 13:59:07,39.4,600000,2000000,0
2021-05-14 13:59:08,37.6,600000,600000,0
2021-05-14 13:59:09,37.4,600000,600000,0
2021-05-14 13:59:10,38.8,600000,2000000,0
2021-05-14 13:59:11,39.2,600000,2000000,0
2021-05-14 13:59:12,37.4,600000,600000,0
2021-05-14 13:59:13,38.8,600000,2000000,0
2021-05-14 13:59:14,39,600000,2000000,0
2021-05-14 13:59:15,39,600000,2000000,0
2021-05-14 13:59:16,39,600000,2000000,0
2021-05-14 13:59:18,37.6,600000,600000,0
2021-05-14 13:59:19,38.2,600000,2000000,0
2021-05-14 13:59:20,39,600000,2000000,0
2021-05-14 13:59:21,37.4,600000,600000,0
2021-05-14 13:59:22,38.4,600000,2000000,0
2021-05-14 13:59:23,38.8,600000,2000000,0
2021-05-14 13:59:24,37.4,600000,600000,0
2021-05-14 13:59:25,38.4,600000,2000000,0
2021-05-14 13:59:26,38.8,600000,2000000,0
2021-05-14 13:59:27,37,600000,600000,0
2021-05-14 13:59:28,36.6,600000,600000,0
2021-05-14 13:59:29,38,600000,2000000,0
2021-05-14 13:59:30,37.8,600000,600000,0
2021-05-14 13:59:32,38.2,600000,2000000,0
2021-05-14 13:59:33,38.6,600000,2000000,0
2021-05-14 13:59:34,36.8,600000,600000,0
2021-05-14 13:59:35,36.4,600000,600000,0
2021-05-14 13:59:36,37.8,600000,2000000,0
2021-05-14 13:59:37,38,600000,600000,0
2021-05-14 13:59:38,36.4,600000,600000,0
2021-05-14 13:59:39,36.4,600000,600000,0
2021-05-14 13:59:40,37.4,600000,2000000,0
2021-05-14 13:59:41,38,600000,2000000,0
2021-05-14 13:59:42,36.4,600000,600000,0
2021-05-14 13:59:44,36.2,600000,600000,0
2021-05-14 13:59:45,37.4,600000,2000000,0
2021-05-14 13:59:46,37.2,600000,600000,0
2021-05-14 13:59:47,37.6,600000,2000000,0
2021-05-14 13:59:48,37.6,600000,600000,0
2021-05-14 13:59:49,37.6,600000,2000000,0
2021-05-14 13:59:50,38,600000,2000000,0
2021-05-14 13:59:51,36.4,600000,600000,0
2021-05-14 13:59:52,37.2,600000,2000000,0
2021-05-14 13:59:53,37.6,600000,2000000,0
2021-05-14 13:59:54,36.2,600000,600000,0
2021-05-14 13:59:55,37.2,600000,2000000,0
2021-05-14 13:59:56,37.2,600000,2000000,0
2021-05-14 13:59:58,36,600000,600000,0
2021-05-14 13:59:59,37.2,600000,2000000,0
2021-05-14 14:00:00,37.4,600000,2000000,0
2021-05-14 14:00:01,36.2,600000,600000,0
2021-05-14 14:00:02,37,600000,2000000,0
2021-05-14 14:00:03,37,600000,600000,0
2021-05-14 14:00:04,35.6,600000,600000,0
2021-05-14 14:00:05,37,600000,2000000,0
2021-05-14 14:00:06,37,600000,600000,0
2021-05-14 14:00:07,37.4,600000,2000000,0
2021-05-14 14:00:08,37.2,600000,2000000,0
2021-05-14 14:00:09,35.6,600000,600000,0
2021-05-14 14:00:11,37,600000,2000000,0
2021-05-14 14:00:12,37,600000,2000000,0
2021-05-14 14:00:13,35.6,600000,600000,0
2021-05-14 14:00:14,36.8,600000,2000000,0
2021-05-14 14:00:15,37,600000,2000000,0
2021-05-14 14:00:16,35.4,600000,600000,0
2021-05-14 14:00:17,35.4,600000,600000,0
2021-05-14 14:00:18,36.6,600000,2000000,0
2021-05-14 14:00:19,37,600000,600000,0
2021-05-14 14:00:20,35.4,600000,600000,0
2021-05-14 14:00:21,36.6,600000,2000000,0
2021-05-14 14:00:22,37,600000,2000000,0
2021-05-14 14:00:23,35.4,600000,600000,0
2021-05-14 14:00:25,36.4,600000,2000000,0
2021-05-14 14:00:26,36.4,600000,600000,0
2021-05-14 14:00:27,35.2,600000,600000,0
2021-05-14 14:00:28,34.8,600000,600000,0
2021-05-14 14:00:29,34.8,600000,600000,0
2021-05-14 14:00:30,36.4,600000,2000000,0
2021-05-14 14:00:31,36.6,600000,2000000,0
2021-05-14 14:00:32,35.2,600000,600000,0
2021-05-14 14:00:33,36.4,600000,2000000,0
2021-05-14 14:00:34,36.6,600000,2000000,0
2021-05-14 14:00:35,35.2,600000,600000,0
2021-05-14 14:00:37,36.4,600000,2000000,0
2021-05-14 14:00:38,36.4,600000,2000000,0
2021-05-14 14:00:39,35.2,600000,600000,0
2021-05-14 14:00:40,36.4,600000,2000000,0
2021-05-14 14:00:41,36.2,600000,2000000,0
2021-05-14 14:00:42,35.2,600000,600000,0
2021-05-14 14:00:43,36.2,600000,2000000,0
2021-05-14 14:00:44,36.2,600000,2000000,0
2021-05-14 14:00:45,35,600000,600000,0
2021-05-14 14:00:46,36.4,600000,2000000,0
2021-05-14 14:00:47,36.2,600000,600000,0
2021-05-14 14:00:48,36.2,600000,2000000,0
2021-05-14 14:00:49,36.2,600000,2000000,0
2021-05-14 14:00:51,35,600000,600000,0
2021-05-14 14:00:52,36,600000,2000000,0
2021-05-14 14:00:53,36.2,600000,2000000,0
2021-05-14 14:00:54,34.8,600000,600000,0
2021-05-14 14:00:55,36,600000,2000000,0
2021-05-14 14:00:56,36,600000,2000000,0
2021-05-14 14:00:57,34.6,600000,600000,0
2021-05-14 14:00:58,34.4,600000,600000,0
2021-05-14 14:00:59,36,600000,2000000,0
2021-05-14 14:01:00,36,600000,2000000,0
2021-05-14 14:01:01,34.4,600000,600000,0
2021-05-14 14:01:02,36,600000,2000000,0
2021-05-14 14:01:03,35.6,600000,600000,0
2021-05-14 14:01:05,34.4,600000,600000,0
2021-05-14 14:01:06,36,600000,2000000,0
2021-05-14 14:01:07,36,600000,2000000,0
2021-05-14 14:01:08,34.6,600000,600000,0
2021-05-14 14:01:09,35.8,600000,2000000,0
2021-05-14 14:01:10,36,600000,2000000,0
2021-05-14 14:01:11,34.4,600000,600000,0
2021-05-14 14:01:12,35.4,600000,2000000,0
2021-05-14 14:01:13,36,600000,2000000,0
2021-05-14 14:01:14,34.4,600000,600000,0
2021-05-14 14:01:15,35.6,600000,2000000,0
2021-05-14 14:01:16,35.8,600000,600000,0
2021-05-14 14:01:18,35.8,600000,2000000,0
2021-05-14 14:01:19,36,600000,2000000,0
2021-05-14 14:01:20,34.4,600000,600000,0
2021-05-14 14:01:21,34.2,600000,600000,0
2021-05-14 14:01:22,35.4,600000,2000000,0
2021-05-14 14:01:23,36,600000,2000000,0
2021-05-14 14:01:24,34.4,600000,600000,0
2021-05-14 14:01:25,35.4,600000,2000000,0
2021-05-14 14:01:26,35.6,600000,600000,0
2021-05-14 14:01:27,35.4,600000,2000000,0
2021-05-14 14:01:28,36,600000,2000000,0
2021-05-14 14:01:29,34.4,600000,600000,0
2021-05-14 14:01:31,35.4,600000,2000000,0
2021-05-14 14:01:32,35.4,600000,600000,0
2021-05-14 14:01:33,35.8,600000,2000000,0
2021-05-14 14:01:34,35.8,600000,2000000,0
2021-05-14 14:01:35,34.4,600000,600000,0
2021-05-14 14:01:36,35.2,600000,2000000,0
2021-05-14 14:01:37,35.2,600000,600000,0
2021-05-14 14:01:38,35.4,600000,2000000,0
2021-05-14 14:01:39,36,600000,2000000,0
2021-05-14 14:01:40,34.4,600000,600000,0
2021-05-14 14:01:41,35.2,600000,2000000,0
2021-05-14 14:01:42,35.4,600000,2000000,0
2021-05-14 14:01:43,34.4,600000,600000,0
2021-05-14 14:01:45,35.4,600000,2000000,0
2021-05-14 14:01:46,35.6,600000,2000000,0
2021-05-14 14:01:47,34.2,600000,600000,0
2021-05-14 14:01:48,35.2,600000,2000000,0
2021-05-14 14:01:49,35.2,600000,2000000,0
2021-05-14 14:01:50,34,600000,600000,0
2021-05-14 14:01:51,35.2,600000,2000000,0
2021-05-14 14:01:52,35.4,600000,2000000,0
2021-05-14 14:01:53,34.2,600000,600000,0
2021-05-14 14:01:54,35.2,600000,2000000,0
2021-05-14 14:01:55,35.8,600000,2000000,0
2021-05-14 14:01:56,34.2,600000,600000,0
2021-05-14 14:01:57,35.2,600000,2000000,0
2021-05-14 14:01:59,35.2,600000,2000000,0
2021-05-14 14:02:00,33.8,600000,600000,0
2021-05-14 14:02:01,35,600000,2000000,0
2021-05-14 14:02:02,35.4,600000,2000000,0
2021-05-14 14:02:03,34,600000,600000,0
2021-05-14 14:02:04,35,600000,2000000,0
2021-05-14 14:02:05,35.2,600000,2000000,0
2021-05-14 14:02:06,33.8,600000,600000,0
2021-05-14 14:02:07,35,600000,2000000,0
2021-05-14 14:02:08,35.2,600000,2000000,0
2021-05-14 14:02:09,33.8,600000,600000,0
2021-05-14 14:02:10,33.4,600000,600000,0
2021-05-14 14:02:12,35,600000,2000000,0
2021-05-14 14:02:13,35.2,600000,600000,0
2021-05-14 14:02:14,35.2,600000,2000000,0
2021-05-14 14:02:15,35.2,600000,2000000,0
2021-05-14 14:02:16,33.8,600000,600000,0
2021-05-14 14:02:17,35,600000,2000000,0
2021-05-14 14:02:18,35,600000,600000,0
2021-05-14 14:02:19,35.2,600000,2000000,0
2021-05-14 14:02:20,35.2,600000,2000000,0
2021-05-14 14:02:21,34,600000,600000,0
2021-05-14 14:02:22,34.6,600000,2000000,0
2021-05-14 14:02:23,35.4,600000,2000000,0
2021-05-14 14:02:24,33.8,600000,600000,0
2021-05-14 14:02:26,35,600000,2000000,0
2021-05-14 14:02:27,35,600000,2000000,0
2021-05-14 14:02:28,33.8,600000,600000,0
2021-05-14 14:02:29,35,600000,2000000,0
