2021-05-16 12:40:38,45.8,600000,600000,0
2021-05-16 12:40:39,47.4,600000,2000000,0
2021-05-16 12:40:40,48,600000,2000000,0
2021-05-16 12:40:41,48.4,600000,2000000,0
2021-05-16 12:40:42,47.8,600000,600000,0
2021-05-16 12:40:43,46.6,600000,600000,0
2021-05-16 12:40:44,46.6,600000,600000,0
2021-05-16 12:40:45,46,600000,600000,0
2021-05-16 12:40:46,47.8,600000,2000000,0
2021-05-16 12:40:47,48,600000,2000000,0
2021-05-16 12:40:48,46.6,600000,600000,0
2021-05-16 12:40:50,48.2,600000,2000000,0
2021-05-16 12:40:51,48.2,600000,2000000,0
2021-05-16 12:40:52,46.6,600000,600000,0
2021-05-16 12:40:53,48.2,600000,2000000,0
2021-05-16 12:40:54,48.4,600000,600000,0
2021-05-16 12:40:55,48.8,600000,2000000,0
2021-05-16 12:40:56,48.6,600000,2000000,0
2021-05-16 12:40:57,46.8,600000,600000,0
2021-05-16 12:40:58,46.6,600000,600000,0
2021-05-16 12:40:59,46.6,600000,600000,0
2021-05-16 12:41:00,48,600000,2000000,0
2021-05-16 12:41:01,48.4,600000,2000000,0
2021-05-16 12:41:02,46.8,600000,600000,0
2021-05-16 12:41:03,46.6,600000,600000,0
2021-05-16 12:41:05,48.4,600000,2000000,0
2021-05-16 12:41:06,48.6,600000,600000,0
2021-05-16 12:41:07,48.8,600000,2000000,0
2021-05-16 12:41:08,48.8,600000,2000000,0
2021-05-16 12:41:08,50.4,600000,600000,1
2021-05-16 12:41:09,76.8,1500000,1900000,1
2021-05-16 12:41:10,78.6,1500000,1800000,1
2021-05-16 12:41:11,76.6,1500000,1800000,1
2021-05-16 12:41:13,76.6,1500000,1800000,1
2021-05-16 12:41:14,76.8,1500000,1700000,1
2021-05-16 12:41:15,76.8,1500000,1700000,1
2021-05-16 12:41:16,76.6,1500000,1800000,1
2021-05-16 12:41:18,77.6,1500000,1700000,1
2021-05-16 12:41:19,76.8,1500000,1700000,1
2021-05-16 12:41:20,78,1500000,1800000,1
2021-05-16 12:41:21,77.2,1500000,1700000,1
2021-05-16 12:41:23,76,1500000,1700000,1
2021-05-16 12:41:24,76,1500000,1700000,1
2021-05-16 12:41:25,76,1500000,1700000,1
2021-05-16 12:41:26,76,1500000,1700000,1
2021-05-16 12:41:28,76,1500000,1700000,1
2021-05-16 12:41:29,76,1500000,1700000,1
2021-05-16 12:41:30,76,1500000,1700000,1
2021-05-16 12:41:31,76,1500000,1700000,1
2021-05-16 12:41:33,76,1500000,1700000,1
2021-05-16 12:41:34,76,1500000,1700000,1
2021-05-16 12:41:35,76,1500000,1700000,1
2021-05-16 12:41:37,76,1500000,1700000,1
2021-05-16 12:41:38,76,1500000,1700000,1
2021-05-16 12:41:39,76,1500000,1700000,1
2021-05-16 12:41:40,76,1500000,1700000,1
2021-05-16 12:41:42,76,1500000,1700000,1
2021-05-16 12:41:43,76,1500000,1700000,1
2021-05-16 12:41:44,76,1500000,1700000,1
2021-05-16 12:41:45,76,1500000,1700000,1
2021-05-16 12:41:47,76,1500000,1700000,1
2021-05-16 12:41:48,76,1500000,1700000,1
2021-05-16 12:41:49,76,1500000,1700000,1
2021-05-16 12:41:50,76,1500000,1700000,1
2021-05-16 12:41:52,76,1500000,1700000,1
2021-05-16 12:41:53,76,1500000,1700000,1
2021-05-16 12:41:54,76,1500000,1700000,1
2021-05-16 12:41:55,76,1500000,1700000,1
2021-05-16 12:41:57,76,1500000,1700000,1
2021-05-16 12:41:58,76,1500000,1700000,1
2021-05-16 12:41:59,76,1500000,1700000,1
2021-05-16 12:42:00,76,1500000,1700000,1
2021-05-16 12:42:02,76,1500000,1700000,1
2021-05-16 12:42:03,77.2,1500000,1700000,1
2021-05-16 12:42:04,77.8,1500000,1800000,1
2021-05-16 12:42:05,78.2,1500000,1700000,1
2021-05-16 12:42:07,76.2,1500000,1600000,1
2021-05-16 12:42:08,76,1500000,1700000,1
2021-05-16 12:42:09,76,1500000,1700000,1
2021-05-16 12:42:10,76,1500000,1700000,1
2021-05-16 12:42:12,76,1500000,1700000,1
2021-05-16 12:42:13,77.4,1500000,1800000,1
2021-05-16 12:42:14,77.8,1500000,1700000,1
2021-05-16 12:42:15,75.8,1500000,1700000,1
2021-05-16 12:42:17,76,1500000,1700000,1
2021-05-16 12:42:18,76,1500000,1700000,1
2021-05-16 12:42:19,76,1500000,1700000,1
2021-05-16 12:42:20,76,1500000,1700000,1
2021-05-16 12:42:22,75.8,1500000,1700000,1
2021-05-16 12:42:23,75.8,1500000,1700000,1
2021-05-16 12:42:24,75.8,1500000,1800000,1
2021-05-16 12:42:25,76.8,1500000,1800000,1
2021-05-16 12:42:27,78,1500000,1700000,1
2021-05-16 12:42:28,77,1500000,1700000,1
2021-05-16 12:42:29,76,1500000,1700000,1
2021-05-16 12:42:30,76,1500000,1700000,1
2021-05-16 12:42:32,75.8,1500000,1700000,1
2021-05-16 12:42:33,77,1500000,1700000,1
2021-05-16 12:42:34,76.8,1500000,1800000,1
2021-05-16 12:42:35,77.8,1500000,1700000,1
2021-05-16 12:42:37,75.4,1500000,1600000,1
2021-05-16 12:42:38,76,1500000,1700000,1
2021-05-16 12:42:39,75.6,1500000,1700000,1
2021-05-16 12:42:40,76.8,1500000,1800000,1
2021-05-16 12:42:42,77.6,1500000,1700000,1
2021-05-16 12:42:43,76.8,1500000,1800000,1
2021-05-16 12:42:44,78,1500000,1700000,1
2021-05-16 12:42:45,77,1500000,1700000,1
2021-05-16 12:42:47,77.6,1500000,1800000,1
2021-05-16 12:42:48,77.2,1500000,1700000,1
2021-05-16 12:42:49,77.6,1500000,1800000,1
2021-05-16 12:42:50,77.8,1500000,1700000,1
2021-05-16 12:42:52,77,1500000,1800000,1
2021-05-16 12:42:53,78.2,1500000,1700000,1
2021-05-16 12:42:54,77,1500000,1800000,1
2021-05-16 12:42:55,78,1500000,1800000,1
2021-05-16 12:42:57,77,1500000,1700000,1
2021-05-16 12:42:58,77.6,1500000,1800000,1
2021-05-16 12:42:59,77.2,1500000,1700000,1
2021-05-16 12:43:00,77.6,1500000,1800000,1
2021-05-16 12:43:02,77.4,1500000,1700000,1
2021-05-16 12:43:03,76.8,1500000,1800000,1
2021-05-16 12:43:04,77.6,1500000,1800000,1
2021-05-16 12:43:05,76.8,1500000,1700000,1
2021-05-16 12:43:07,77.4,1500000,1800000,1
2021-05-16 12:43:08,77.2,1500000,1700000,1
2021-05-16 12:43:09,77.4,1500000,1800000,1
2021-05-16 12:43:10,77.4,1500000,1700000,1
2021-05-16 12:43:12,76.8,1500000,1800000,1
2021-05-16 12:43:13,77.8,1500000,1800000,1
2021-05-16 12:43:14,76.8,1500000,1700000,1
2021-05-16 12:43:15,77.2,1500000,1800000,1
2021-05-16 12:43:17,77,1500000,1700000,1
2021-05-16 12:43:18,76.8,1500000,1800000,1
2021-05-16 12:43:19,77.8,1500000,1700000,1
2021-05-16 12:43:20,76.8,1500000,1800000,1
2021-05-16 12:43:22,77.4,1500000,1800000,1
2021-05-16 12:43:23,76.8,1500000,1700000,1
2021-05-16 12:43:24,77.4,1500000,1800000,1
2021-05-16 12:43:25,76.8,1500000,1700000,1
2021-05-16 12:43:27,77.2,1500000,1800000,1
2021-05-16 12:43:28,77,1500000,1700000,1
2021-05-16 12:43:29,76.8,1500000,1800000,1
2021-05-16 12:43:30,77.6,1500000,1700000,1
2021-05-16 12:43:32,76.4,1500000,1700000,1
2021-05-16 12:43:33,77.4,1500000,1800000,1
2021-05-16 12:43:34,77.4,1500000,1800000,1
2021-05-16 12:43:35,76.8,1500000,1700000,1
2021-05-16 12:43:37,77,1500000,1800000,1
2021-05-16 12:43:38,77,1500000,1700000,1
2021-05-16 12:43:39,76.8,1500000,1800000,1
2021-05-16 12:43:40,77.4,1500000,1800000,1
2021-05-16 12:43:42,77.4,1500000,1800000,1
2021-05-16 12:43:43,76.8,1500000,1700000,1
2021-05-16 12:43:44,77,1500000,1800000,1
2021-05-16 12:43:45,77,1500000,1700000,1
2021-05-16 12:43:47,76.8,1500000,1800000,1
2021-05-16 12:43:48,77.4,1500000,1700000,1
2021-05-16 12:43:49,76.4,1500000,1700000,1
2021-05-16 12:43:51,77.4,1500000,1800000,1
2021-05-16 12:43:52,76.4,1500000,1700000,1
2021-05-16 12:43:53,77.2,1500000,1800000,1
2021-05-16 12:43:54,76.6,1500000,1700000,1
2021-05-16 12:43:56,76.8,1500000,1800000,1
2021-05-16 12:43:57,77,1500000,1700000,1
2021-05-16 12:43:58,76.2,1500000,1800000,1
2021-05-16 12:43:59,77.2,1500000,1800000,1
2021-05-16 12:44:00,76.6,1500000,1700000,1
2021-05-16 12:44:02,76.8,1500000,1800000,1
2021-05-16 12:44:03,76.8,1500000,1800000,1
2021-05-16 12:44:04,76.8,1500000,1800000,1
2021-05-16 12:44:06,77.4,1500000,1700000,1
2021-05-16 12:44:07,76,1500000,1800000,1
2021-05-16 12:44:08,77.4,1500000,1800000,1
2021-05-16 12:44:09,77.2,1500000,1800000,1
2021-05-16 12:44:11,76.8,1500000,1800000,1
2021-05-16 12:44:12,76.8,1500000,1700000,1
2021-05-16 12:44:13,76.6,1500000,1800000,1
2021-05-16 12:44:14,77.2,1500000,1700000,1
2021-05-16 12:44:16,76,1500000,1800000,1
2021-05-16 12:44:17,77,1500000,1800000,1
2021-05-16 12:44:18,77,1500000,1800000,1
2021-05-16 12:44:19,77,1500000,1800000,1
2021-05-16 12:44:21,76.6,1500000,1700000,1
2021-05-16 12:44:22,76,1500000,1800000,1
2021-05-16 12:44:23,77.4,1500000,1700000,1
2021-05-16 12:44:24,76,1500000,1800000,1
2021-05-16 12:44:26,76.8,1500000,1800000,1
2021-05-16 12:44:27,76.2,1500000,1700000,1
2021-05-16 12:44:28,76.8,1500000,1800000,1
2021-05-16 12:44:29,76.2,1500000,1800000,1
2021-05-16 12:44:31,77.2,1500000,1800000,1
2021-05-16 12:44:32,77,1500000,1800000,1
2021-05-16 12:44:33,77,1500000,1800000,1
2021-05-16 12:44:34,77,1500000,1800000,1
2021-05-16 12:44:36,76.8,1500000,1800000,1
2021-05-16 12:44:37,76.8,1500000,1800000,1
2021-05-16 12:44:38,76.6,1500000,1800000,1
2021-05-16 12:44:39,77.4,1500000,1800000,1
2021-05-16 12:44:41,77.2,1500000,1700000,1
2021-05-16 12:44:42,75.8,1500000,1700000,1
2021-05-16 12:44:43,77,1500000,1800000,1
2021-05-16 12:44:44,76.8,1500000,1800000,1
2021-05-16 12:44:46,76.6,1500000,1800000,1
2021-05-16 12:44:47,76.6,1500000,1800000,1
2021-05-16 12:44:48,76.6,1500000,1800000,1
2021-05-16 12:44:49,76,1500000,1800000,1
2021-05-16 12:44:51,76,1500000,1800000,1
2021-05-16 12:44:52,75.8,1500000,1700000,1
2021-05-16 12:44:53,76.8,1500000,1800000,1
2021-05-16 12:44:54,76.8,1500000,1800000,1
2021-05-16 12:44:56,76.8,1500000,1800000,1
2021-05-16 12:44:57,76.8,1500000,1800000,1
2021-05-16 12:44:58,76.4,1500000,1800000,1
2021-05-16 12:44:59,76,1500000,1800000,1
2021-05-16 12:45:01,76,1500000,1800000,1
2021-05-16 12:45:02,76,1500000,1700000,1
2021-05-16 12:45:03,76.2,1500000,1700000,1
2021-05-16 12:45:04,76.4,1500000,1700000,1
2021-05-16 12:45:06,76.6,1500000,1800000,1
2021-05-16 12:45:07,76.4,1500000,1800000,1
2021-05-16 12:45:08,76.4,1500000,1800000,1
2021-05-16 12:45:09,76.4,1500000,1800000,1
2021-05-16 12:45:11,76,1500000,1800000,1
2021-05-16 12:45:12,76,1500000,1800000,1
2021-05-16 12:45:13,75.4,1500000,1700000,1
2021-05-16 12:45:14,75.8,1500000,1700000,1
2021-05-16 12:45:16,75.8,1500000,1700000,1
2021-05-16 12:45:17,77.2,1500000,1800000,1
2021-05-16 12:45:18,76.8,1500000,1800000,1
2021-05-16 12:45:19,76.4,1500000,1800000,1
2021-05-16 12:45:21,76,1500000,1800000,1
2021-05-16 12:45:22,75.8,1500000,1800000,1
2021-05-16 12:45:23,75.8,1500000,1800000,1
2021-05-16 12:45:25,75.8,1500000,1700000,1
2021-05-16 12:45:26,75.8,1500000,1700000,1
2021-05-16 12:45:27,76.2,1500000,1700000,1
2021-05-16 12:45:28,76.2,1500000,1700000,1
2021-05-16 12:45:30,76.6,1500000,1700000,1
2021-05-16 12:45:31,75.8,1500000,1800000,1
2021-05-16 12:45:32,77.2,1500000,1700000,1
2021-05-16 12:45:33,75.8,1500000,1700000,1
2021-05-16 12:45:35,75.8,1500000,1700000,1
2021-05-16 12:45:36,77.4,1500000,1800000,1
2021-05-16 12:45:37,76,1500000,1700000,1
2021-05-16 12:45:38,76.2,1500000,1700000,1
2021-05-16 12:45:40,77,1500000,1800000,1
2021-05-16 12:45:41,76.8,1500000,1800000,1
2021-05-16 12:45:42,76.8,1500000,1800000,1
2021-05-16 12:45:43,75.8,1500000,1700000,1
2021-05-16 12:45:45,75.8,1500000,1700000,1
2021-05-16 12:45:46,75.8,1500000,1700000,1
2021-05-16 12:45:47,76,1500000,1700000,1
2021-05-16 12:45:48,76,1500000,1700000,1
2021-05-16 12:45:50,76.6,1500000,1700000,1
2021-05-16 12:45:51,76.8,1500000,1700000,1
2021-05-16 12:45:52,77,1500000,1800000,1
2021-05-16 12:45:53,76.6,1500000,1800000,1
2021-05-16 12:45:55,76.6,1500000,1800000,1
2021-05-16 12:45:56,76.4,1500000,1800000,1
2021-05-16 12:45:57,76.4,1500000,1800000,1
2021-05-16 12:45:58,76.4,1500000,1800000,1
2021-05-16 12:46:00,76.8,1500000,1700000,1
2021-05-16 12:46:01,77,1500000,1800000,1
2021-05-16 12:46:02,75.8,1500000,1700000,1
2021-05-16 12:46:03,76,1500000,1700000,1
2021-05-16 12:46:05,76.2,1500000,1700000,1
2021-05-16 12:46:06,76.6,1500000,1700000,1
2021-05-16 12:46:07,76.4,1500000,1700000,1
2021-05-16 12:46:08,77,1500000,1800000,1
2021-05-16 12:46:10,76.6,1500000,1800000,1
2021-05-16 12:46:11,76.6,1500000,1800000,1
2021-05-16 12:46:12,76.6,1500000,1800000,1
2021-05-16 12:46:13,76.6,1500000,1800000,1
2021-05-16 12:46:15,76.6,1500000,1800000,1
2021-05-16 12:46:16,76.6,1500000,1700000,1
2021-05-16 12:46:17,76,1500000,1700000,1
2021-05-16 12:46:18,76.2,1500000,1700000,1
2021-05-16 12:46:20,77,1500000,1800000,1
2021-05-16 12:46:21,76.6,1500000,1800000,1
2021-05-16 12:46:22,75.8,1500000,1700000,1
2021-05-16 12:46:23,75.8,1500000,1700000,1
2021-05-16 12:46:25,75.8,1500000,1700000,1
2021-05-16 12:46:26,75.8,1500000,1700000,1
2021-05-16 12:46:27,75.8,1500000,1700000,1
2021-05-16 12:46:28,77,1500000,1800000,1
2021-05-16 12:46:30,76.8,1500000,1800000,1
2021-05-16 12:46:31,75.8,1500000,1800000,1
2021-05-16 12:46:32,76.8,1500000,1700000,1
2021-05-16 12:46:34,76.8,1500000,1800000,1
2021-05-16 12:46:35,76.6,1500000,1800000,1
2021-05-16 12:46:36,75.8,1500000,1700000,1
2021-05-16 12:46:37,75.8,1500000,1700000,1
2021-05-16 12:46:39,77,1500000,1800000,1
2021-05-16 12:46:40,76.6,1500000,1800000,1
2021-05-16 12:46:41,76.8,1500000,1700000,1
2021-05-16 12:46:42,76.8,1500000,1800000,1
2021-05-16 12:46:44,76.6,1500000,1800000,1
2021-05-16 12:46:45,75.8,1500000,1700000,1
2021-05-16 12:46:46,75.8,1500000,1700000,1
2021-05-16 12:46:47,77,1500000,1800000,1
2021-05-16 12:46:49,76.4,1500000,1700000,1
2021-05-16 12:46:50,76.8,1500000,1800000,1
2021-05-16 12:46:51,76.8,1500000,1800000,1
2021-05-16 12:46:52,75.8,1500000,1800000,1
2021-05-16 12:46:54,77.2,1500000,1800000,1
2021-05-16 12:46:55,76.6,1500000,1800000,1
2021-05-16 12:46:56,76.4,1500000,1800000,1
2021-05-16 12:46:57,76.2,1500000,1700000,1
2021-05-16 12:46:59,76,1500000,1700000,1
2021-05-16 12:47:00,76.8,1500000,1800000,1
2021-05-16 12:47:01,75.8,1500000,1800000,1
2021-05-16 12:47:02,76.4,1500000,1800000,1
2021-05-16 12:47:04,75.8,1500000,1800000,1
2021-05-16 12:47:05,77.2,1500000,1800000,1
2021-05-16 12:47:06,76.6,1500000,1800000,1
2021-05-16 12:47:07,76.4,1500000,1800000,1
2021-05-16 12:47:09,76.6,1500000,1700000,1
2021-05-16 12:47:10,77.2,1500000,1700000,1
2021-05-16 12:47:11,76.6,1500000,1800000,1
2021-05-16 12:47:12,76.6,1500000,1800000,1
2021-05-16 12:47:14,76,1500000,1700000,1
2021-05-16 12:47:15,75.8,1500000,1700000,1
2021-05-16 12:47:16,77.2,1500000,1800000,1
2021-05-16 12:47:17,76.4,1500000,1800000,1
2021-05-16 12:47:19,75.8,1500000,1800000,1
2021-05-16 12:47:20,75.8,1500000,1800000,1
2021-05-16 12:47:21,77.4,1500000,1700000,1
2021-05-16 12:47:22,76.6,1500000,1800000,1
2021-05-16 12:47:24,75.8,1500000,1700000,1
2021-05-16 12:47:25,77.2,1500000,1800000,1
2021-05-16 12:47:26,76.6,1500000,1800000,1
2021-05-16 12:47:27,76.2,1500000,1800000,1
2021-05-16 12:47:29,77.4,1500000,1800000,1
2021-05-16 12:47:30,76.4,1500000,1800000,1
2021-05-16 12:47:31,76.4,1500000,1800000,1
2021-05-16 12:47:32,76.2,1500000,1700000,1
2021-05-16 12:47:34,76.8,1500000,1800000,1
2021-05-16 12:47:35,76.8,1500000,1800000,1
2021-05-16 12:47:36,75.8,1500000,1800000,1
2021-05-16 12:47:37,77.2,1500000,1800000,1
2021-05-16 12:47:39,77.2,1500000,1800000,1
2021-05-16 12:47:40,76.4,1500000,1800000,1
2021-05-16 12:47:41,76.2,1500000,1700000,1
2021-05-16 12:47:42,77,1500000,1800000,1
2021-05-16 12:47:44,76.2,1500000,1800000,1
2021-05-16 12:47:45,76,1500000,1800000,1
2021-05-16 12:47:46,77,1500000,1700000,1
2021-05-16 12:47:47,76.8,1500000,1800000,1
2021-05-16 12:47:49,76.6,1500000,1800000,1
2021-05-16 12:47:50,76.4,1500000,1800000,1
2021-05-16 12:47:51,76,1500000,1700000,1
2021-05-16 12:47:52,76,1500000,1700000,1
2021-05-16 12:47:54,77.2,1500000,1800000,1
2021-05-16 12:47:55,76.8,1500000,1800000,1
2021-05-16 12:47:56,75.8,1500000,1800000,1
2021-05-16 12:47:57,77,1500000,1800000,1
2021-05-16 12:47:59,76.6,1500000,1800000,1
2021-05-16 12:48:00,76.4,1500000,1800000,1
2021-05-16 12:48:01,76,1500000,1700000,1
2021-05-16 12:48:02,77.2,1500000,1800000,1
2021-05-16 12:48:04,76.8,1500000,1800000,1
2021-05-16 12:48:05,76.4,1500000,1800000,1
2021-05-16 12:48:06,76.6,1500000,1700000,1
2021-05-16 12:48:07,76.8,1500000,1800000,1
2021-05-16 12:48:09,76.6,1500000,1800000,1
2021-05-16 12:48:10,75.8,1500000,1700000,1
2021-05-16 12:48:11,77.4,1500000,1800000,1
2021-05-16 12:48:13,76.4,1500000,1800000,1
2021-05-16 12:48:14,76.2,1500000,1800000,1
2021-05-16 12:48:15,77,1500000,1700000,1
2021-05-16 12:48:16,76.8,1500000,1800000,1
2021-05-16 12:48:18,75.8,1500000,1800000,1
2021-05-16 12:48:19,75.8,1500000,1700000,1
2021-05-16 12:48:20,77.4,1500000,1800000,1
2021-05-16 12:48:21,76,1500000,1700000,1
2021-05-16 12:48:23,76.8,1500000,1800000,1
2021-05-16 12:48:24,77,1500000,1800000,1
2021-05-16 12:48:25,76.6,1500000,1700000,1
2021-05-16 12:48:26,76.4,1500000,1700000,1
2021-05-16 12:48:28,76.8,1500000,1800000,1
2021-05-16 12:48:29,75.8,1500000,1800000,1
2021-05-16 12:48:30,75.8,1500000,1700000,1
2021-05-16 12:48:31,77.2,1500000,1800000,1
2021-05-16 12:48:33,76.4,1500000,1800000,1
2021-05-16 12:48:34,76.2,1500000,1700000,1
2021-05-16 12:48:35,77,1500000,1800000,1
2021-05-16 12:48:36,75.8,1500000,1800000,1
2021-05-16 12:48:38,77.2,1500000,1700000,1
2021-05-16 12:48:39,76.8,1500000,1800000,1
2021-05-16 12:48:40,75.8,1500000,1700000,1
2021-05-16 12:48:41,77.2,1500000,1800000,1
2021-05-16 12:48:43,76,1500000,1700000,1
2021-05-16 12:48:44,76,1500000,1700000,1
2021-05-16 12:48:45,76.8,1500000,1800000,1
2021-05-16 12:48:46,75.8,1500000,1800000,1
2021-05-16 12:48:48,77.2,1500000,1800000,1
2021-05-16 12:48:49,76.6,1500000,1800000,1
2021-05-16 12:48:50,75.8,1500000,1700000,1
2021-05-16 12:48:51,77.2,1500000,1800000,1
2021-05-16 12:48:53,76,1500000,1700000,1
2021-05-16 12:48:54,75.8,1500000,1700000,1
2021-05-16 12:48:55,77,1500000,1800000,1
2021-05-16 12:48:56,76.6,1500000,1700000,1
2021-05-16 12:48:58,76.8,1500000,1800000,1
2021-05-16 12:48:59,75.8,1500000,1800000,1
2021-05-16 12:49:00,75.8,1500000,1700000,1
2021-05-16 12:49:02,77,1500000,1800000,1
2021-05-16 12:49:03,76.4,1500000,1700000,1
2021-05-16 12:49:04,76,1500000,1700000,1
2021-05-16 12:49:05,76.8,1500000,1800000,1
2021-05-16 12:49:07,75.8,1500000,1800000,1
2021-05-16 12:49:08,77.2,1500000,1700000,1
2021-05-16 12:49:09,77,1500000,1800000,1
2021-05-16 12:49:10,75.8,1500000,1700000,1
2021-05-16 12:49:12,75.8,1500000,1700000,1
2021-05-16 12:49:13,76,1500000,1700000,1
2021-05-16 12:49:14,76,1500000,1700000,1
2021-05-16 12:49:15,76.8,1500000,1800000,1
2021-05-16 12:49:17,76,1500000,1800000,1
2021-05-16 12:49:18,76.8,1500000,1800000,1
2021-05-16 12:49:19,76.6,1500000,1800000,1
2021-05-16 12:49:20,76.4,1500000,1800000,1
2021-05-16 12:49:22,75.8,1500000,1700000,1
2021-05-16 12:49:23,75.8,1500000,1700000,1
2021-05-16 12:49:24,77,1500000,1800000,1
2021-05-16 12:49:25,76.4,1500000,1800000,1
2021-05-16 12:49:27,76.2,1500000,1800000,1
2021-05-16 12:49:28,77,1500000,1700000,1
2021-05-16 12:49:29,77.2,1500000,1800000,1
2021-05-16 12:49:30,76.6,1500000,1800000,1
2021-05-16 12:49:32,75.8,1500000,1700000,1
2021-05-16 12:49:33,75.8,1500000,1700000,1
2021-05-16 12:49:34,76.8,1500000,1800000,1
2021-05-16 12:49:35,76.2,1500000,1800000,1
2021-05-16 12:49:37,76.4,1500000,1700000,1
2021-05-16 12:49:38,77,1500000,1800000,1
2021-05-16 12:49:39,75.6,1500000,1800000,1
2021-05-16 12:49:40,77.2,1500000,1700000,1
2021-05-16 12:49:42,76.8,1500000,1800000,1
2021-05-16 12:49:43,76.4,1500000,1800000,1
2021-05-16 12:49:44,76.4,1500000,1800000,1
2021-05-16 12:49:45,76.2,1500000,1700000,1
2021-05-16 12:49:47,76.8,1500000,1800000,1
2021-05-16 12:49:48,76.8,1500000,1700000,1
2021-05-16 12:49:49,76.8,1500000,1700000,1
2021-05-16 12:49:50,76.8,1500000,1800000,1
2021-05-16 12:49:52,75.8,1500000,1700000,1
2021-05-16 12:49:53,77,1500000,1800000,1
2021-05-16 12:49:54,76.8,1500000,1800000,1
2021-05-16 12:49:55,76.4,1500000,1700000,1
2021-05-16 12:49:57,76,1500000,1700000,1
2021-05-16 12:49:58,76.8,1500000,1800000,1
2021-05-16 12:49:59,75.8,1500000,1800000,1
2021-05-16 12:50:01,77.2,1500000,1700000,1
2021-05-16 12:50:02,76.6,1500000,1800000,1
2021-05-16 12:50:03,76.6,1500000,1800000,1
2021-05-16 12:50:04,75.8,1500000,1700000,1
2021-05-16 12:50:06,77,1500000,1800000,1
2021-05-16 12:50:07,76,1500000,1700000,1
2021-05-16 12:50:08,76.8,1500000,1800000,1
2021-05-16 12:50:09,75.8,1500000,1800000,1
2021-05-16 12:50:11,77,1500000,1700000,1
2021-05-16 12:50:12,76.8,1500000,1800000,1
2021-05-16 12:50:13,75.8,1500000,1700000,1
2021-05-16 12:50:14,75.8,1500000,1700000,1
2021-05-16 12:50:16,76.8,1500000,1800000,1
2021-05-16 12:50:17,75.8,1500000,1700000,1
2021-05-16 12:50:18,75.8,1500000,1700000,1
2021-05-16 12:50:19,76.8,1500000,1800000,1
2021-05-16 12:50:21,76.2,1500000,1700000,1
2021-05-16 12:50:22,76.8,1500000,1800000,1
2021-05-16 12:50:23,76,1500000,1800000,1
2021-05-16 12:50:24,77,1500000,1800000,1
2021-05-16 12:50:26,76.6,1500000,1800000,1
2021-05-16 12:50:27,75.8,1500000,1700000,1
2021-05-16 12:50:28,76.8,1500000,1800000,1
2021-05-16 12:50:30,76.4,1500000,1800000,1
2021-05-16 12:50:31,75.8,1500000,1700000,1
2021-05-16 12:50:32,76.6,1500000,1800000,1
2021-05-16 12:50:33,75.8,1500000,1800000,1
2021-05-16 12:50:35,76.4,1500000,1700000,1
2021-05-16 12:50:36,76.6,1500000,1800000,1
2021-05-16 12:50:37,77,1500000,1800000,1
2021-05-16 12:50:38,75.8,1500000,1700000,1
2021-05-16 12:50:40,76.8,1500000,1800000,1
2021-05-16 12:50:41,76,1500000,1700000,1
2021-05-16 12:50:42,76.8,1500000,1800000,1
2021-05-16 12:50:43,76.2,1500000,1700000,1
2021-05-16 12:50:45,76.6,1500000,1800000,1
2021-05-16 12:50:46,76.8,1500000,1700000,1
2021-05-16 12:50:47,76.2,1500000,1800000,1
2021-05-16 12:50:48,76.8,1500000,1800000,1
2021-05-16 12:50:50,75.8,1500000,1700000,1
2021-05-16 12:50:51,76.8,1500000,1800000,1
2021-05-16 12:50:52,75.8,1500000,1700000,1
2021-05-16 12:50:53,76.8,1500000,1800000,1
2021-05-16 12:50:55,75.8,1500000,1700000,1
2021-05-16 12:50:56,76.4,1500000,1800000,1
2021-05-16 12:50:57,76.8,1500000,1800000,1
2021-05-16 12:50:59,76,1500000,1700000,1
2021-05-16 12:51:00,75.8,1500000,1800000,1
2021-05-16 12:51:01,76.4,1500000,1800000,1
2021-05-16 12:51:02,76.8,1500000,1800000,1
2021-05-16 12:51:04,75.8,1500000,1700000,1
2021-05-16 12:51:05,76.6,1500000,1800000,1
2021-05-16 12:51:06,76,1500000,1700000,1
2021-05-16 12:51:07,76.6,1500000,1800000,1
2021-05-16 12:51:09,76.8,1500000,1800000,1
2021-05-16 12:51:10,75.8,1500000,1700000,1
2021-05-16 12:51:11,76.4,1500000,1800000,1
2021-05-16 12:51:12,76.8,1500000,1800000,1
2021-05-16 12:51:13,75.8,1500000,1700000,1
2021-05-16 12:51:15,76.6,1500000,1800000,1
2021-05-16 12:51:16,76.8,1500000,1800000,1
2021-05-16 12:51:17,76,1500000,1700000,1
2021-05-16 12:51:19,76.4,1500000,1800000,1
2021-05-16 12:51:20,76.8,1500000,1800000,1
2021-05-16 12:51:21,76.8,1500000,1800000,1
2021-05-16 12:51:22,75.4,1500000,1700000,1
2021-05-16 12:51:24,76.4,1500000,1800000,1
2021-05-16 12:51:25,76.6,1500000,1800000,1
2021-05-16 12:51:26,76.8,1500000,1800000,1
2021-05-16 12:51:27,76,1500000,1700000,1
2021-05-16 12:51:29,76,1500000,1800000,1
2021-05-16 12:51:30,76.4,1500000,1800000,1
2021-05-16 12:51:31,76.8,1500000,1800000,1
2021-05-16 12:51:32,75.6,1500000,1700000,1
2021-05-16 12:51:34,75.8,1500000,1700000,1
2021-05-16 12:51:35,76.4,1500000,1800000,1
2021-05-16 12:51:36,76.4,1500000,1800000,1
2021-05-16 12:51:37,76,1500000,1700000,1
2021-05-16 12:51:39,75.6,1500000,1800000,1
2021-05-16 12:51:40,76.4,1500000,1800000,1
2021-05-16 12:51:41,76.4,1500000,1800000,1
2021-05-16 12:51:42,76.8,1500000,1800000,1
2021-05-16 12:51:44,76.4,1500000,1800000,1
2021-05-16 12:51:45,76.8,1500000,1800000,1
2021-05-16 12:51:46,76.8,1500000,1800000,1
2021-05-16 12:51:47,76.8,1500000,1800000,1
2021-05-16 12:51:49,76.2,1500000,1700000,1
2021-05-16 12:51:50,76.2,1500000,1700000,1
2021-05-16 12:51:51,75.6,1500000,1800000,1
2021-05-16 12:51:52,76.4,1500000,1800000,1
2021-05-16 12:51:54,76.4,1500000,1800000,1
2021-05-16 12:51:55,76.4,1500000,1800000,1
2021-05-16 12:51:56,76.4,1500000,1800000,1
2021-05-16 12:51:58,76.4,1500000,1800000,1
2021-05-16 12:51:59,76.4,1500000,1800000,1
2021-05-16 12:52:00,76.2,1500000,1800000,1
2021-05-16 12:52:01,76.4,1500000,1800000,1
2021-05-16 12:52:03,76.4,1500000,1800000,1
2021-05-16 12:52:04,76.2,1500000,1800000,1
2021-05-16 12:52:05,76.2,1500000,1800000,1
2021-05-16 12:52:06,76,1500000,1800000,1
2021-05-16 12:52:07,75.8,1500000,1800000,1
2021-05-16 12:52:09,76.4,1500000,1800000,1
2021-05-16 12:52:10,76.4,1500000,1800000,1
2021-05-16 12:52:11,76.4,1500000,1800000,1
2021-05-16 12:52:13,76.4,1500000,1800000,1
2021-05-16 12:52:14,76.2,1500000,1800000,1
2021-05-16 12:52:15,75.8,1500000,1700000,1
2021-05-16 12:52:16,76,1500000,1700000,1
2021-05-16 12:52:18,75.8,1500000,1700000,1
2021-05-16 12:52:19,76.8,1500000,1800000,1
2021-05-16 12:52:20,76.4,1500000,1800000,1
2021-05-16 12:52:21,76.4,1500000,1800000,1
2021-05-16 12:52:23,76.4,1500000,1800000,1
2021-05-16 12:52:24,76.4,1500000,1800000,1
2021-05-16 12:52:25,75.8,1500000,1800000,1
2021-05-16 12:52:26,75.8,1500000,1800000,1
2021-05-16 12:52:28,75,1500000,1800000,1
2021-05-16 12:52:29,75.2,1500000,1800000,1
2021-05-16 12:52:30,76.8,1500000,1800000,1
2021-05-16 12:52:31,76.4,1500000,1800000,1
2021-05-16 12:52:33,76,1500000,1800000,1
2021-05-16 12:52:34,76,1500000,1700000,1
2021-05-16 12:52:35,76.8,1500000,1800000,1
2021-05-16 12:52:36,76.6,1500000,1800000,1
2021-05-16 12:52:38,76.4,1500000,1800000,1
2021-05-16 12:52:39,76.4,1500000,1800000,1
2021-05-16 12:52:40,76,1500000,1800000,1
2021-05-16 12:52:41,75.8,1500000,1800000,1
2021-05-16 12:52:43,76,1500000,1700000,1
2021-05-16 12:52:44,76.8,1500000,1800000,1
2021-05-16 12:52:45,75.6,1500000,1800000,1
2021-05-16 12:52:46,76.8,1500000,1700000,1
2021-05-16 12:52:48,76.6,1500000,1800000,1
2021-05-16 12:52:49,76.4,1500000,1800000,1
2021-05-16 12:52:50,76.2,1500000,1800000,1
2021-05-16 12:52:51,76.8,1500000,1800000,1
2021-05-16 12:52:53,76.4,1500000,1800000,1
2021-05-16 12:52:54,75.8,1500000,1700000,1
2021-05-16 12:52:55,76.8,1500000,1800000,1
2021-05-16 12:52:56,76.8,1500000,1800000,1
2021-05-16 12:52:58,76.6,1500000,1800000,1
2021-05-16 12:52:59,75,1500000,1800000,1
2021-05-16 12:53:00,76.8,1500000,1800000,1
2021-05-16 12:53:01,75.4,1500000,1700000,1
2021-05-16 12:53:03,76.8,1500000,1800000,1
2021-05-16 12:53:04,75.6,1500000,1700000,1
2021-05-16 12:53:05,76.6,1500000,1800000,1
2021-05-16 12:53:06,76.4,1500000,1800000,1
2021-05-16 12:53:08,76.6,1500000,1800000,1
2021-05-16 12:53:09,76.4,1500000,1800000,1
2021-05-16 12:53:10,76.6,1500000,1800000,1
2021-05-16 12:53:12,76.4,1500000,1800000,1
2021-05-16 12:53:13,76.8,1500000,1800000,1
2021-05-16 12:53:14,76.4,1500000,1800000,1
2021-05-16 12:53:15,76.8,1500000,1800000,1
2021-05-16 12:53:17,76.2,1500000,1800000,1
2021-05-16 12:53:18,76,1500000,1800000,1
2021-05-16 12:53:19,76.8,1500000,1800000,1
2021-05-16 12:53:20,76.4,1500000,1800000,1
2021-05-16 12:53:22,76.8,1500000,1800000,1
2021-05-16 12:53:23,76.4,1500000,1800000,1
2021-05-16 12:53:24,76.4,1500000,1800000,1
2021-05-16 12:53:25,76.6,1500000,1800000,1
2021-05-16 12:53:27,76.4,1500000,1800000,1
2021-05-16 12:53:28,75.4,1500000,1700000,1
2021-05-16 12:53:29,76.8,1500000,1800000,1
2021-05-16 12:53:30,76,1500000,1800000,1
2021-05-16 12:53:32,76,1500000,1700000,1
2021-05-16 12:53:33,76.6,1500000,1800000,1
2021-05-16 12:53:34,76.4,1500000,1800000,1
2021-05-16 12:53:35,76.8,1500000,1800000,1
2021-05-16 12:53:37,76.4,1500000,1800000,1
2021-05-16 12:53:38,76.4,1500000,1800000,1
2021-05-16 12:53:39,76,1500000,1800000,1
2021-05-16 12:53:40,75.6,1500000,1800000,1
2021-05-16 12:53:42,76.4,1500000,1800000,1
2021-05-16 12:53:43,75.8,1500000,1800000,1
2021-05-16 12:53:44,76.8,1500000,1800000,1
2021-05-16 12:53:45,76.4,1500000,1800000,1
2021-05-16 12:53:47,76,1500000,1800000,1
2021-05-16 12:53:48,76.4,1500000,1800000,1
2021-05-16 12:53:49,76,1500000,1800000,1
2021-05-16 12:53:50,75.8,1500000,1700000,1
2021-05-16 12:53:52,76.6,1500000,1800000,1
2021-05-16 12:53:53,75.4,1500000,1800000,1
2021-05-16 12:53:54,76.6,1500000,1800000,1
2021-05-16 12:53:56,76.4,1500000,1800000,1
2021-05-16 12:53:57,75.2,1500000,1800000,1
2021-05-16 12:53:58,76.4,1500000,1800000,1
2021-05-16 12:53:59,75.2,1500000,1700000,1
2021-05-16 12:54:01,76.4,1500000,1800000,1
2021-05-16 12:54:02,76,1500000,1800000,1
2021-05-16 12:54:03,75.4,1500000,1800000,1
2021-05-16 12:54:04,76.6,1500000,1800000,1
2021-05-16 12:54:06,76.6,1500000,1800000,1
2021-05-16 12:54:07,76.4,1500000,1800000,1
2021-05-16 12:54:08,76.6,1500000,1800000,1
2021-05-16 12:54:09,75.6,1500000,1700000,1
2021-05-16 12:54:11,76.4,1500000,1800000,1
2021-05-16 12:54:12,75.6,1500000,1800000,1
2021-05-16 12:54:13,76.4,1500000,1800000,1
2021-05-16 12:54:14,76.6,1500000,1800000,1
2021-05-16 12:54:16,76.2,1500000,1800000,1
2021-05-16 12:54:17,76.4,1500000,1800000,1
2021-05-16 12:54:18,76.6,1500000,1800000,1
2021-05-16 12:54:19,75.6,1500000,1700000,1
2021-05-16 12:54:21,76.4,1500000,1800000,1
2021-05-16 12:54:22,75.8,1500000,1700000,1
2021-05-16 12:54:23,76.4,1500000,1800000,1
2021-05-16 12:54:24,74.8,1500000,1800000,1
2021-05-16 12:54:26,76.4,1500000,1800000,1
2021-05-16 12:54:27,76.4,1500000,1800000,1
2021-05-16 12:54:28,76.6,1500000,1800000,1
2021-05-16 12:54:29,75.4,1500000,1700000,1
2021-05-16 12:54:31,76.4,1500000,1800000,1
2021-05-16 12:54:32,76.4,1500000,1800000,1
2021-05-16 12:54:33,76.6,1500000,1800000,1
2021-05-16 12:54:34,75.4,1500000,1800000,1
2021-05-16 12:54:36,76.6,1500000,1800000,1
2021-05-16 12:54:37,76.6,1500000,1800000,1
2021-05-16 12:54:38,76.4,1500000,1800000,1
2021-05-16 12:54:39,76.6,1500000,1800000,1
2021-05-16 12:54:41,76,1500000,1700000,1
2021-05-16 12:54:42,76.2,1500000,1800000,1
2021-05-16 12:54:43,76.6,1500000,1800000,1
2021-05-16 12:54:44,76.6,1500000,1800000,1
2021-05-16 12:54:46,75,1500000,1800000,1
2021-05-16 12:54:47,76.4,1500000,1800000,1
2021-05-16 12:54:48,76.6,1500000,1800000,1
2021-05-16 12:54:50,76.6,1500000,1800000,1
2021-05-16 12:54:51,76,1500000,1800000,1
2021-05-16 12:54:52,76.4,1500000,1800000,1
2021-05-16 12:54:53,76.8,1500000,1800000,1
2021-05-16 12:54:55,76.6,1500000,1800000,1
2021-05-16 12:54:56,75.2,1500000,1800000,1
2021-05-16 12:54:57,76.4,1500000,1800000,1
2021-05-16 12:54:58,76.6,1500000,1800000,1
2021-05-16 12:55:00,76.6,1500000,1800000,1
2021-05-16 12:55:01,75.6,1500000,1800000,1
2021-05-16 12:55:02,76.4,1500000,1800000,1
2021-05-16 12:55:03,76.4,1500000,1800000,1
2021-05-16 12:55:05,76.4,1500000,1800000,1
2021-05-16 12:55:06,76.4,1500000,1800000,1
2021-05-16 12:55:07,76.8,1500000,1800000,1
2021-05-16 12:55:08,76.6,1500000,1800000,1
2021-05-16 12:55:10,76.6,1500000,1800000,1
2021-05-16 12:55:11,76.6,1500000,1800000,1
2021-05-16 12:55:12,76.4,1500000,1800000,1
2021-05-16 12:55:13,76.8,1500000,1800000,1
2021-05-16 12:55:15,76.6,1500000,1800000,1
2021-05-16 12:55:16,76.8,1500000,1800000,1
2021-05-16 12:55:17,76.4,1500000,1800000,1
2021-05-16 12:55:18,76.6,1500000,1800000,1
2021-05-16 12:55:20,76.8,1500000,1800000,1
2021-05-16 12:55:21,75.4,1500000,1700000,1
2021-05-16 12:55:22,76.4,1500000,1800000,1
2021-05-16 12:55:23,76.4,1500000,1800000,1
2021-05-16 12:55:25,76.8,1500000,1800000,1
2021-05-16 12:55:26,76.8,1500000,1800000,1
2021-05-16 12:55:27,76.6,1500000,1800000,1
2021-05-16 12:55:28,76.6,1500000,1800000,1
2021-05-16 12:55:30,76.4,1500000,1800000,1
2021-05-16 12:55:31,76.8,1500000,1800000,1
2021-05-16 12:55:32,76.4,1500000,1800000,1
2021-05-16 12:55:33,76.8,1500000,1800000,1
2021-05-16 12:55:35,76.6,1500000,1800000,1
2021-05-16 12:55:36,76.6,1500000,1800000,1
2021-05-16 12:55:37,76.8,1500000,1800000,1
2021-05-16 12:55:38,76.6,1500000,1800000,1
2021-05-16 12:55:40,75.6,1500000,1800000,1
2021-05-16 12:55:41,76.4,1500000,1800000,1
2021-05-16 12:55:42,76.6,1500000,1800000,1
2021-05-16 12:55:43,76.8,1500000,1800000,1
2021-05-16 12:55:45,75.4,1500000,1800000,1
2021-05-16 12:55:46,76.6,1500000,1800000,1
2021-05-16 12:55:47,76.4,1500000,1800000,1
2021-05-16 12:55:49,76.6,1500000,1800000,1
2021-05-16 12:55:50,76.6,1500000,1800000,1
2021-05-16 12:55:51,76.8,1500000,1800000,1
2021-05-16 12:55:52,76.2,1500000,1800000,1
2021-05-16 12:55:54,76.4,1500000,1800000,1
2021-05-16 12:55:55,76.4,1500000,1800000,1
2021-05-16 12:55:56,76.8,1500000,1800000,1
2021-05-16 12:55:57,76.8,1500000,1800000,1
2021-05-16 12:55:59,74.8,1500000,1800000,1
2021-05-16 12:56:00,76.4,1500000,1800000,1
2021-05-16 12:56:01,76.6,1500000,1800000,1
2021-05-16 12:56:02,76.4,1500000,1800000,1
2021-05-16 12:56:04,76.8,1500000,1800000,1
2021-05-16 12:56:05,76.8,1500000,1800000,1
2021-05-16 12:56:06,76.6,1500000,1800000,1
2021-05-16 12:56:07,76.8,1500000,1800000,1
2021-05-16 12:56:09,76.4,1500000,1800000,1
2021-05-16 12:56:10,76.4,1500000,1800000,1
2021-05-16 12:56:11,76.6,1500000,1800000,1
2021-05-16 12:56:12,75.8,1500000,1700000,1
2021-05-16 12:56:14,76.2,1500000,1800000,1
2021-05-16 12:56:15,76.4,1500000,1800000,1
2021-05-16 12:56:16,76.8,1500000,1800000,1
2021-05-16 12:56:17,76.6,1500000,1800000,1
2021-05-16 12:56:19,76.8,1500000,1800000,1
2021-05-16 12:56:20,75.4,1500000,1700000,1
2021-05-16 12:56:21,76.4,1500000,1800000,1
2021-05-16 12:56:22,76.8,1500000,1800000,1
2021-05-16 12:56:24,76.8,1500000,1800000,1
2021-05-16 12:56:25,76.6,1500000,1800000,1
2021-05-16 12:56:26,76.2,1500000,1800000,1
2021-05-16 12:56:27,76.6,1500000,1800000,1
2021-05-16 12:56:29,76.2,1500000,1800000,1
2021-05-16 12:56:30,76.4,1500000,1800000,1
2021-05-16 12:56:31,75.6,1500000,1700000,1
2021-05-16 12:56:32,76.4,1500000,1800000,1
2021-05-16 12:56:34,76.4,1500000,1800000,1
2021-05-16 12:56:35,76.6,1500000,1800000,1
2021-05-16 12:56:36,75,1500000,1800000,1
2021-05-16 12:56:37,76.4,1500000,1800000,1
2021-05-16 12:56:39,76.4,1500000,1800000,1
2021-05-16 12:56:40,75.6,1500000,1700000,1
2021-05-16 12:56:41,76.6,1500000,1800000,1
2021-05-16 12:56:42,76.6,1500000,1800000,1
2021-05-16 12:56:44,76.8,1500000,1800000,1
2021-05-16 12:56:45,76.8,1500000,1800000,1
2021-05-16 12:56:46,76.4,1500000,1800000,1
2021-05-16 12:56:47,76.6,1500000,1800000,1
2021-05-16 12:56:49,76,1500000,1800000,1
2021-05-16 12:56:50,76.6,1500000,1800000,1
2021-05-16 12:56:51,75.8,1500000,1800000,1
2021-05-16 12:56:52,76.4,1500000,1800000,1
2021-05-16 12:56:54,76.2,1500000,1800000,1
2021-05-16 12:56:55,76.4,1500000,1800000,1
2021-05-16 12:56:56,76.6,1500000,1800000,1
2021-05-16 12:56:57,76.6,1500000,1800000,1
2021-05-16 12:56:59,76.2,1500000,1800000,1
2021-05-16 12:57:00,76.6,1500000,1800000,1
2021-05-16 12:57:01,76.4,1500000,1800000,1
2021-05-16 12:57:02,76.2,1500000,1800000,1
2021-05-16 12:57:04,76.6,1500000,1800000,1
2021-05-16 12:57:05,74.8,1500000,1800000,1
2021-05-16 12:57:06,76.4,1500000,1800000,1
2021-05-16 12:57:07,76.8,1500000,1800000,1
2021-05-16 12:57:09,76,1500000,1800000,1
2021-05-16 12:57:10,76.6,1500000,1800000,1
2021-05-16 12:57:11,76.6,1500000,1800000,1
2021-05-16 12:57:12,75.8,1500000,1800000,1
2021-05-16 12:57:14,76.4,1500000,1800000,1
2021-05-16 12:57:15,75,1500000,1800000,1
2021-05-16 12:57:16,76.6,1500000,1800000,1
2021-05-16 12:57:17,76.8,1500000,1800000,1
2021-05-16 12:57:19,76.4,1500000,1800000,1
2021-05-16 12:57:20,75.6,1500000,1700000,1
2021-05-16 12:57:21,76.4,1500000,1800000,1
2021-05-16 12:57:22,75.6,1500000,1800000,1
2021-05-16 12:57:24,76.4,1500000,1800000,1
2021-05-16 12:57:25,75.2,1500000,1800000,1
2021-05-16 12:57:26,76.4,1500000,1800000,1
2021-05-16 12:57:27,75.8,1500000,1800000,1
2021-05-16 12:57:29,76.8,1500000,1800000,1
2021-05-16 12:57:30,75.8,1500000,1700000,1
2021-05-16 12:57:31,76.4,1500000,1800000,1
2021-05-16 12:57:32,75.4,1500000,1800000,1
2021-05-16 12:57:34,75,1500000,1800000,1
2021-05-16 12:57:35,76.6,1500000,1800000,1
2021-05-16 12:57:36,75.4,1500000,1700000,1
2021-05-16 12:57:37,76.8,1500000,1800000,1
2021-05-16 12:57:39,75.6,1500000,1800000,1
2021-05-16 12:57:40,76.6,1500000,1800000,1
2021-05-16 12:57:41,75.2,1500000,1800000,1
2021-05-16 12:57:43,76.8,1500000,1800000,1
2021-05-16 12:57:44,75.2,1500000,1800000,1
2021-05-16 12:57:45,76.8,1500000,1800000,1
2021-05-16 12:57:46,76.4,1500000,1800000,1
2021-05-16 12:57:48,76.8,1500000,1800000,1
2021-05-16 12:57:49,76.4,1500000,1800000,1
2021-05-16 12:57:50,75.8,1500000,1800000,1
2021-05-16 12:57:51,76.8,1500000,1800000,1
2021-05-16 12:57:53,75.8,1500000,1800000,1
2021-05-16 12:57:54,76.4,1500000,1800000,1
2021-05-16 12:57:55,76.4,1500000,1800000,1
2021-05-16 12:57:56,75.2,1500000,1700000,1
2021-05-16 12:57:58,76.8,1500000,1800000,1
2021-05-16 12:57:59,76,1500000,1800000,1
2021-05-16 12:58:00,76.6,1500000,1800000,1
2021-05-16 12:58:01,75.6,1500000,1800000,1
2021-05-16 12:58:03,76.8,1500000,1800000,1
2021-05-16 12:58:04,76.4,1500000,1800000,1
2021-05-16 12:58:05,75.2,1500000,1700000,1
2021-05-16 12:58:06,76.8,1500000,1800000,1
2021-05-16 12:58:08,76,1500000,1800000,1
2021-05-16 12:58:09,75.8,1500000,1700000,1
2021-05-16 12:58:10,76.8,1500000,1800000,1
2021-05-16 12:58:11,75.8,1500000,1800000,1
2021-05-16 12:58:13,76.8,1500000,1800000,1
2021-05-16 12:58:14,76.4,1500000,1800000,1
2021-05-16 12:58:15,75.4,1500000,1700000,1
2021-05-16 12:58:16,76.8,1500000,1800000,1
2021-05-16 12:58:18,76,1500000,1800000,1
2021-05-16 12:58:19,76,1500000,1700000,1
2021-05-16 12:58:20,75.8,1500000,1700000,1
2021-05-16 12:58:21,76.8,1500000,1800000,1
2021-05-16 12:58:23,76.4,1500000,1800000,1
2021-05-16 12:58:24,75.2,1500000,1800000,1
2021-05-16 12:58:25,76.8,1500000,1800000,1
2021-05-16 12:58:26,76.4,1500000,1800000,1
2021-05-16 12:58:28,75.8,1500000,1700000,1
2021-05-16 12:58:29,75.8,1500000,1700000,1
2021-05-16 12:58:30,76,1500000,1700000,1
2021-05-16 12:58:31,76.8,1500000,1800000,1
2021-05-16 12:58:33,76.8,1500000,1800000,1
2021-05-16 12:58:34,76.6,1500000,1800000,1
2021-05-16 12:58:35,76.4,1500000,1800000,1
2021-05-16 12:58:36,75.8,1500000,1700000,1
2021-05-16 12:58:38,75.8,1500000,1700000,1
2021-05-16 12:58:39,76.8,1500000,1800000,1
2021-05-16 12:58:40,76.4,1500000,1800000,1
2021-05-16 12:58:42,76.4,1500000,1800000,1
2021-05-16 12:58:43,75.2,1500000,1800000,1
2021-05-16 12:58:44,76.8,1500000,1800000,1
2021-05-16 12:58:45,76.6,1500000,1800000,1
2021-05-16 12:58:47,76.4,1500000,1800000,1
2021-05-16 12:58:48,75.8,1500000,1800000,1
2021-05-16 12:58:49,76,1500000,1700000,1
2021-05-16 12:58:50,76.8,1500000,1800000,1
2021-05-16 12:58:52,76.8,1500000,1800000,1
2021-05-16 12:58:53,76.4,1500000,1800000,1
2021-05-16 12:58:54,75.8,1500000,1700000,1
2021-05-16 12:58:55,75.6,1500000,1700000,1
2021-05-16 12:58:57,76.8,1500000,1800000,1
2021-05-16 12:58:58,76.8,1500000,1800000,1
2021-05-16 12:58:59,75.8,1500000,1800000,1
2021-05-16 12:59:00,75.6,1500000,1800000,1
2021-05-16 12:59:02,77,1500000,1800000,1
2021-05-16 12:59:03,76.6,1500000,1800000,1
2021-05-16 12:59:04,76.4,1500000,1800000,1
2021-05-16 12:59:05,76.2,1500000,1800000,1
2021-05-16 12:59:07,75.8,1500000,1800000,1
2021-05-16 12:59:08,76.4,1500000,1800000,1
2021-05-16 12:59:09,76.4,1500000,1800000,1
2021-05-16 12:59:10,75.4,1500000,1800000,1
2021-05-16 12:59:12,75.6,1500000,1700000,1
2021-05-16 12:59:13,75.6,1500000,1700000,1
2021-05-16 12:59:14,75.6,1500000,1700000,1
2021-05-16 12:59:15,75.6,1500000,1700000,1
2021-05-16 12:59:17,76,1500000,1700000,1
2021-05-16 12:59:18,76,1500000,1700000,1
2021-05-16 12:59:19,76.4,1500000,1700000,1
2021-05-16 12:59:20,76.8,1500000,1800000,1
2021-05-16 12:59:22,76.6,1500000,1800000,1
2021-05-16 12:59:23,76.4,1500000,1800000,1
2021-05-16 12:59:24,76.4,1500000,1800000,1
2021-05-16 12:59:25,76.2,1500000,1800000,1
2021-05-16 12:59:27,76.2,1500000,1800000,1
2021-05-16 12:59:28,76,1500000,1700000,1
2021-05-16 12:59:29,75.8,1500000,1800000,1
2021-05-16 12:59:30,76.4,1500000,1800000,1
2021-05-16 12:59:32,76.4,1500000,1800000,1
2021-05-16 12:59:33,75.2,1500000,1800000,1
2021-05-16 12:59:34,76.4,1500000,1800000,1
2021-05-16 12:59:35,75.6,1500000,1700000,1
2021-05-16 12:59:37,75.8,1500000,1700000,1
2021-05-16 12:59:38,75.8,1500000,1800000,1
2021-05-16 12:59:39,75.8,1500000,1800000,1
2021-05-16 12:59:40,75.8,1500000,1800000,1
2021-05-16 12:59:42,75.4,1500000,1800000,1
2021-05-16 12:59:43,75.4,1500000,1800000,1
2021-05-16 12:59:44,76.4,1500000,1800000,1
2021-05-16 12:59:45,76.4,1500000,1800000,1
2021-05-16 12:59:47,75.8,1500000,1700000,1
2021-05-16 12:59:48,75.8,1500000,1700000,1
2021-05-16 12:59:49,76,1500000,1700000,1
2021-05-16 12:59:50,76.4,1500000,1700000,1
2021-05-16 12:59:52,75.2,1500000,1800000,1
2021-05-16 12:59:53,75.4,1500000,1700000,1
2021-05-16 12:59:54,76.4,1500000,1800000,1
2021-05-16 12:59:55,76.4,1500000,1800000,1
2021-05-16 12:59:57,76.4,1500000,1800000,1
2021-05-16 12:59:58,76.2,1500000,1800000,1
2021-05-16 12:59:59,75.8,1500000,1800000,1
2021-05-16 13:00:00,76.4,1500000,1800000,1
2021-05-16 13:00:02,76.4,1500000,1800000,1
2021-05-16 13:00:03,76.4,1500000,1800000,1
2021-05-16 13:00:04,76.4,1500000,1800000,1
2021-05-16 13:00:05,76.8,1500000,1800000,1
2021-05-16 13:00:07,76.4,1500000,1800000,1
2021-05-16 13:00:08,76.6,1500000,1800000,1
2021-05-16 13:00:09,76,1500000,1700000,1
2021-05-16 13:00:11,75.6,1500000,1800000,1
2021-05-16 13:00:12,76.4,1500000,1800000,1
2021-05-16 13:00:13,76.6,1500000,1800000,1
2021-05-16 13:00:14,76.4,1500000,1800000,1
2021-05-16 13:00:16,76.6,1500000,1800000,1
2021-05-16 13:00:17,75.6,1500000,1700000,1
2021-05-16 13:00:18,75.8,1500000,1700000,1
2021-05-16 13:00:19,75.8,1500000,1800000,1
2021-05-16 13:00:21,76.4,1500000,1800000,1
2021-05-16 13:00:22,76.6,1500000,1800000,1
2021-05-16 13:00:23,76.6,1500000,1800000,1
2021-05-16 13:00:24,76.6,1500000,1800000,1
2021-05-16 13:00:26,76.4,1500000,1800000,1
2021-05-16 13:00:27,76.6,1500000,1800000,1
2021-05-16 13:00:28,75.8,1500000,1700000,1
2021-05-16 13:00:29,76,1500000,1800000,1
2021-05-16 13:00:31,76.4,1500000,1800000,1
2021-05-16 13:00:32,76.2,1500000,1800000,1
2021-05-16 13:00:33,76.4,1500000,1800000,1
2021-05-16 13:00:34,76.4,1500000,1800000,1
2021-05-16 13:00:36,76.4,1500000,1800000,1
2021-05-16 13:00:37,76.6,1500000,1800000,1
2021-05-16 13:00:38,77,1500000,1800000,1
2021-05-16 13:00:39,76,1500000,1700000,1
2021-05-16 13:00:41,75.8,1500000,1800000,1
2021-05-16 13:00:42,76.4,1500000,1800000,1
2021-05-16 13:00:43,76.4,1500000,1800000,1
2021-05-16 13:00:44,76.4,1500000,1800000,1
2021-05-16 13:00:46,76.8,1500000,1800000,1
2021-05-16 13:00:47,76.4,1500000,1800000,1
2021-05-16 13:00:48,76.6,1500000,1800000,1
2021-05-16 13:00:50,75.8,1500000,1700000,1
2021-05-16 13:00:51,76,1500000,1700000,1
2021-05-16 13:00:52,76.2,1500000,1800000,1
2021-05-16 13:00:53,76.4,1500000,1800000,1
2021-05-16 13:00:55,76.8,1500000,1800000,1
2021-05-16 13:00:56,76.8,1500000,1800000,1
2021-05-16 13:00:57,76.4,1500000,1800000,1
2021-05-16 13:00:58,76.8,1500000,1800000,1
2021-05-16 13:01:00,77,1500000,1800000,1
2021-05-16 13:01:01,76.8,1500000,1800000,1
2021-05-16 13:01:02,76.8,1500000,1800000,1
2021-05-16 13:01:03,76,1500000,1700000,1
2021-05-16 13:01:05,76.6,1500000,1800000,1
2021-05-16 13:01:06,76.4,1500000,1800000,1
2021-05-16 13:01:07,76.8,1500000,1800000,1
2021-05-16 13:01:08,77,1500000,1800000,1
2021-05-16 13:01:10,75.8,1500000,1700000,1
2021-05-16 13:01:11,76.2,1500000,1800000,1
2021-05-16 13:01:12,76.6,1500000,1800000,1
2021-05-16 13:01:13,76.8,1500000,1800000,1
2021-05-16 13:01:15,76.8,1500000,1800000,1
2021-05-16 13:01:16,75.6,1500000,1800000,1
2021-05-16 13:01:17,76.4,1500000,1800000,1
2021-05-16 13:01:18,76.6,1500000,1800000,1
2021-05-16 13:01:20,75.8,1500000,1700000,1
2021-05-16 13:01:21,76,1500000,1800000,1
2021-05-16 13:01:22,76.4,1500000,1800000,1
2021-05-16 13:01:23,76.6,1500000,1800000,1
2021-05-16 13:01:25,75.4,1500000,1800000,1
2021-05-16 13:01:26,76.8,1500000,1800000,1
2021-05-16 13:01:27,76.8,1500000,1800000,1
2021-05-16 13:01:28,76.8,1500000,1800000,1
2021-05-16 13:01:30,75.6,1500000,1700000,1
2021-05-16 13:01:31,76.4,1500000,1800000,1
2021-05-16 13:01:32,76.4,1500000,1800000,1
2021-05-16 13:01:33,76.8,1500000,1800000,1
2021-05-16 13:01:35,75.6,1500000,1800000,1
2021-05-16 13:01:36,76.4,1500000,1800000,1
2021-05-16 13:01:37,76.8,1500000,1800000,1
2021-05-16 13:01:39,77,1500000,1800000,1
2021-05-16 13:01:40,76.8,1500000,1800000,1
2021-05-16 13:01:41,75.8,1500000,1700000,1
2021-05-16 13:01:42,76,1500000,1800000,1
2021-05-16 13:01:44,76.2,1500000,1700000,1
2021-05-16 13:01:45,75.8,1500000,1800000,1
2021-05-16 13:01:46,76.4,1500000,1800000,1
2021-05-16 13:01:47,76.6,1500000,1800000,1
2021-05-16 13:01:48,76.6,1500000,1800000,1
2021-05-16 13:01:50,76.6,1500000,1800000,1
2021-05-16 13:01:51,76.8,1500000,1800000,1
2021-05-16 13:01:52,77,1500000,1800000,1
2021-05-16 13:01:54,77,1500000,1800000,1
2021-05-16 13:01:55,77.2,1500000,1800000,1
2021-05-16 13:01:56,77.2,1500000,1800000,1
2021-05-16 13:01:57,75.8,1500000,1700000,1
2021-05-16 13:01:58,76.2,1500000,1800000,1
2021-05-16 13:02:00,76.4,1500000,1800000,1
2021-05-16 13:02:01,76.8,1500000,1800000,1
2021-05-16 13:02:02,76.8,1500000,1800000,1
2021-05-16 13:02:03,76.8,1500000,1800000,1
2021-05-16 13:02:05,76.8,1500000,1800000,1
2021-05-16 13:02:06,75.8,1500000,1700000,1
2021-05-16 13:02:07,76.2,1500000,1800000,1
2021-05-16 13:02:08,76.6,1500000,1800000,1
2021-05-16 13:02:10,77,1500000,1800000,1
2021-05-16 13:02:11,76.8,1500000,1800000,1
2021-05-16 13:02:12,77,1500000,1800000,1
2021-05-16 13:02:13,77.2,1500000,1800000,1
2021-05-16 13:02:15,75.8,1500000,1700000,1
2021-05-16 13:02:16,76.2,1500000,1800000,1
2021-05-16 13:02:17,76.8,1500000,1800000,1
2021-05-16 13:02:19,77,1500000,1800000,1
2021-05-16 13:02:20,77,1500000,1800000,1
2021-05-16 13:02:21,77,1500000,1800000,1
2021-05-16 13:02:22,75.6,1500000,1700000,1
2021-05-16 13:02:23,76.4,1500000,1800000,1
2021-05-16 13:02:25,76.8,1500000,1800000,1
2021-05-16 13:02:26,76.8,1500000,1800000,1
2021-05-16 13:02:27,76,1500000,1700000,1
2021-05-16 13:02:29,76.2,1500000,1800000,1
2021-05-16 13:02:30,76.6,1500000,1800000,1
2021-05-16 13:02:31,76.6,1500000,1800000,1
2021-05-16 13:02:32,76.8,1500000,1800000,1
2021-05-16 13:02:34,76.8,1500000,1800000,1
2021-05-16 13:02:35,75.8,1500000,1700000,1
2021-05-16 13:02:36,76.4,1500000,1800000,1
2021-05-16 13:02:37,76.8,1500000,1800000,1
2021-05-16 13:02:39,76,1500000,1700000,1
2021-05-16 13:02:40,76,1500000,1800000,1
2021-05-16 13:02:41,76.6,1500000,1800000,1
2021-05-16 13:02:42,76.8,1500000,1800000,1
2021-05-16 13:02:44,75.6,1500000,1700000,1
2021-05-16 13:02:45,76.4,1500000,1800000,1
2021-05-16 13:02:46,76.8,1500000,1800000,1
2021-05-16 13:02:47,75.8,1500000,1700000,1
2021-05-16 13:02:49,76.2,1500000,1800000,1
2021-05-16 13:02:50,76.6,1500000,1800000,1
2021-05-16 13:02:51,76.8,1500000,1800000,1
2021-05-16 13:02:52,77,1500000,1800000,1
2021-05-16 13:02:54,75.4,1500000,1800000,1
2021-05-16 13:02:55,76.4,1500000,1800000,1
2021-05-16 13:02:56,76.8,1500000,1800000,1
2021-05-16 13:02:57,76,1500000,1700000,1
2021-05-16 13:02:59,76.2,1500000,1800000,1
2021-05-16 13:03:00,76.4,1500000,1800000,1
2021-05-16 13:03:01,77,1500000,1800000,1
2021-05-16 13:03:02,76.8,1500000,1800000,1
2021-05-16 13:03:04,77,1500000,1800000,1
2021-05-16 13:03:05,76,1500000,1700000,1
2021-05-16 13:03:06,76.2,1500000,1800000,1
2021-05-16 13:03:07,77,1500000,1800000,1
2021-05-16 13:03:09,76.8,1500000,1700000,1
2021-05-16 13:03:10,76.4,1500000,1800000,1
2021-05-16 13:03:11,76.8,1500000,1800000,1
2021-05-16 13:03:12,75.8,1500000,1700000,1
2021-05-16 13:03:14,76.8,1500000,1800000,1
2021-05-16 13:03:15,75.8,1500000,1700000,1
2021-05-16 13:03:16,76.4,1500000,1800000,1
2021-05-16 13:03:17,76.2,1500000,1800000,1
2021-05-16 13:03:19,76.6,1500000,1800000,1
2021-05-16 13:03:20,77,1500000,1800000,1
2021-05-16 13:03:21,75.8,1500000,1700000,1
2021-05-16 13:03:22,76.4,1500000,1800000,1
2021-05-16 13:03:24,77,1500000,1800000,1
2021-05-16 13:03:25,77,1500000,1800000,1
2021-05-16 13:03:26,76.4,1500000,1700000,1
2021-05-16 13:03:27,75.4,1500000,1800000,1
2021-05-16 13:03:29,76.6,1500000,1800000,1
2021-05-16 13:03:30,77,1500000,1800000,1
2021-05-16 13:03:31,75.8,1500000,1700000,1
2021-05-16 13:03:32,76.2,1500000,1800000,1
2021-05-16 13:03:34,76.6,1500000,1800000,1
2021-05-16 13:03:35,76.8,1500000,1800000,1
2021-05-16 13:03:36,76.6,1500000,1700000,1
2021-05-16 13:03:37,76.4,1500000,1800000,1
2021-05-16 13:03:39,76.8,1500000,1800000,1
2021-05-16 13:03:40,76.8,1500000,1800000,1
2021-05-16 13:03:41,75.8,1500000,1700000,1
2021-05-16 13:03:42,76.8,1500000,1800000,1
2021-05-16 13:03:44,75.8,1500000,1700000,1
2021-05-16 13:03:45,76.2,1500000,1800000,1
2021-05-16 13:03:46,76.6,1500000,1800000,1
2021-05-16 13:03:47,76.8,1500000,1800000,1
2021-05-16 13:03:49,77,1500000,1700000,1
2021-05-16 13:03:50,75.8,1500000,1700000,1
2021-05-16 13:03:51,77,1500000,1800000,1
2021-05-16 13:03:53,75.8,1500000,1700000,1
2021-05-16 13:03:54,76.4,1500000,1800000,1
2021-05-16 13:03:55,76.8,1500000,1800000,1
2021-05-16 13:03:56,76.2,1500000,1700000,1
2021-05-16 13:03:58,76.6,1500000,1800000,1
2021-05-16 13:03:59,76.4,1500000,1700000,1
2021-05-16 13:04:00,76.4,1500000,1800000,1
2021-05-16 13:04:01,77,1500000,1700000,1
2021-05-16 13:04:03,75.8,1500000,1700000,1
2021-05-16 13:04:04,76.6,1500000,1800000,1
2021-05-16 13:04:05,75.8,1500000,1700000,1
2021-05-16 13:04:06,76.4,1500000,1800000,1
2021-05-16 13:04:08,76,1500000,1700000,1
2021-05-16 13:04:09,76.6,1500000,1800000,1
2021-05-16 13:04:10,77,1500000,1800000,1
2021-05-16 13:04:11,77,1500000,1800000,1
2021-05-16 13:04:13,75.8,1500000,1800000,1
2021-05-16 13:04:14,76.8,1500000,1800000,1
2021-05-16 13:04:15,75.8,1500000,1700000,1
2021-05-16 13:04:16,76.8,1500000,1800000,1
2021-05-16 13:04:18,75.8,1500000,1700000,1
2021-05-16 13:04:19,76.6,1500000,1800000,1
2021-05-16 13:04:20,76.4,1500000,1700000,1
2021-05-16 13:04:21,76.4,1500000,1800000,1
2021-05-16 13:04:23,77,1500000,1800000,1
2021-05-16 13:04:24,75.8,1500000,1800000,1
2021-05-16 13:04:25,76.4,1500000,1800000,1
2021-05-16 13:04:26,77,1500000,1800000,1
2021-05-16 13:04:28,76,1500000,1700000,1
2021-05-16 13:04:29,76.6,1500000,1800000,1
2021-05-16 13:04:30,76.4,1500000,1700000,1
2021-05-16 13:04:31,76.4,1500000,1800000,1
2021-05-16 13:04:33,77,1500000,1800000,1
2021-05-16 13:04:34,75.8,1500000,1800000,1
2021-05-16 13:04:35,76.8,1500000,1800000,1
2021-05-16 13:04:37,75.8,1500000,1700000,1
2021-05-16 13:04:38,76.4,1500000,1800000,1
2021-05-16 13:04:39,76,1500000,1700000,1
2021-05-16 13:04:40,76.6,1500000,1800000,1
2021-05-16 13:04:42,76.2,1500000,1700000,1
2021-05-16 13:04:43,76.4,1500000,1800000,1
2021-05-16 13:04:44,76.8,1500000,1800000,1
2021-05-16 13:04:45,77,1500000,1800000,1
2021-05-16 13:04:47,75.8,1500000,1700000,1
2021-05-16 13:04:48,77.2,1500000,1800000,1
2021-05-16 13:04:49,75.8,1500000,1700000,1
2021-05-16 13:04:50,76.8,1500000,1800000,1
2021-05-16 13:04:52,76.2,1500000,1700000,1
2021-05-16 13:04:53,76.4,1500000,1800000,1
2021-05-16 13:04:54,76.4,1500000,1700000,1
2021-05-16 13:04:55,76.4,1500000,1800000,1
2021-05-16 13:04:57,77.2,1500000,1800000,1
2021-05-16 13:04:58,75.6,1500000,1700000,1
2021-05-16 13:04:59,77,1500000,1800000,1
2021-05-16 13:05:00,75.8,1500000,1700000,1
2021-05-16 13:05:02,76.6,1500000,1800000,1
2021-05-16 13:05:03,76.4,1500000,1700000,1
2021-05-16 13:05:04,76.4,1500000,1800000,1
2021-05-16 13:05:05,77,1500000,1800000,1
2021-05-16 13:05:07,75.8,1500000,1700000,1
2021-05-16 13:05:08,76.4,1500000,1800000,1
2021-05-16 13:05:09,76,1500000,1700000,1
2021-05-16 13:05:10,76.4,1500000,1800000,1
2021-05-16 13:05:12,77,1500000,1800000,1
2021-05-16 13:05:13,75.6,1500000,1800000,1
2021-05-16 13:05:14,76.4,1500000,1800000,1
2021-05-16 13:05:15,77,1500000,1800000,1
2021-05-16 13:05:17,75.8,1500000,1700000,1
2021-05-16 13:05:18,76.4,1500000,1800000,1
2021-05-16 13:05:19,76,1500000,1700000,1
2021-05-16 13:05:20,76.4,1500000,1800000,1
2021-05-16 13:05:22,77,1500000,1800000,1
2021-05-16 13:05:23,75.8,1500000,1700000,1
2021-05-16 13:05:24,76.8,1500000,1800000,1
2021-05-16 13:05:25,75.8,1500000,1700000,1
2021-05-16 13:05:27,76.4,1500000,1800000,1
2021-05-16 13:05:28,76.8,1500000,1800000,1
2021-05-16 13:05:29,76.4,1500000,1700000,1
2021-05-16 13:05:30,75.8,1500000,1800000,1
2021-05-16 13:05:32,76.6,1500000,1800000,1
2021-05-16 13:05:33,77,1500000,1800000,1
2021-05-16 13:05:34,75.8,1500000,1700000,1
2021-05-16 13:05:36,76.8,1500000,1800000,1
2021-05-16 13:05:37,75.8,1500000,1700000,1
2021-05-16 13:05:38,76.4,1500000,1800000,1
2021-05-16 13:05:39,76.6,1500000,1800000,1
2021-05-16 13:05:41,76.4,1500000,1700000,1
2021-05-16 13:05:42,76.4,1500000,1800000,1
2021-05-16 13:05:43,76.6,1500000,1700000,1
2021-05-16 13:05:44,76.4,1500000,1800000,1
2021-05-16 13:05:46,76.8,1500000,1800000,1
2021-05-16 13:05:47,75.6,1500000,1700000,1
2021-05-16 13:05:48,76.4,1500000,1800000,1
2021-05-16 13:05:49,76.8,1500000,1800000,1
2021-05-16 13:05:51,76.4,1500000,1700000,1
2021-05-16 13:05:52,76.4,1500000,1800000,1
2021-05-16 13:05:53,76.4,1500000,1700000,1
2021-05-16 13:05:54,76.4,1500000,1800000,1
2021-05-16 13:05:56,76.8,1500000,1800000,1
2021-05-16 13:05:57,75.8,1500000,1700000,1
2021-05-16 13:05:58,77,1500000,1800000,1
2021-05-16 13:05:59,75.8,1500000,1700000,1
2021-05-16 13:06:01,76.8,1500000,1800000,1
2021-05-16 13:06:02,76,1500000,1700000,1
2021-05-16 13:06:03,76.2,1500000,1800000,1
2021-05-16 13:06:04,77,1500000,1800000,1
2021-05-16 13:06:06,75.6,1500000,1800000,1
2021-05-16 13:06:07,76.4,1500000,1800000,1
2021-05-16 13:06:08,76.8,1500000,1800000,1
2021-05-16 13:06:09,75.8,1500000,1700000,1
2021-05-16 13:06:11,76.6,1500000,1800000,1
2021-05-16 13:06:12,76,1500000,1700000,1
2021-05-16 13:06:13,76.2,1500000,1800000,1
2021-05-16 13:06:15,76.4,1500000,1700000,1
2021-05-16 13:06:16,76.6,1500000,1800000,1
2021-05-16 13:06:17,77,1500000,1800000,1
2021-05-16 13:06:18,75.6,1500000,1700000,1
2021-05-16 13:06:20,76.8,1500000,1800000,1
2021-05-16 13:06:21,75.8,1500000,1700000,1
2021-05-16 13:06:22,76.8,1500000,1800000,1
2021-05-16 13:06:23,76.4,1500000,1700000,1
2021-05-16 13:06:25,76.4,1500000,1800000,1
2021-05-16 13:06:26,76.8,1500000,1800000,1
2021-05-16 13:06:27,75.8,1500000,1700000,1
2021-05-16 13:06:28,76.4,1500000,1800000,1
2021-05-16 13:06:30,76.8,1500000,1800000,1
2021-05-16 13:06:31,75.8,1500000,1700000,1
2021-05-16 13:06:32,76.4,1500000,1800000,1
2021-05-16 13:06:33,77.2,1500000,1900000,1
2021-05-16 13:06:35,76.8,1500000,1800000,1
2021-05-16 13:06:36,75.4,1500000,1800000,1
2021-05-16 13:06:37,77,1500000,1800000,1
2021-05-16 13:06:38,75.8,1500000,1700000,1
2021-05-16 13:06:40,77,1500000,1800000,1
2021-05-16 13:06:41,76.2,1500000,1700000,1
2021-05-16 13:06:42,76.6,1500000,1800000,1
2021-05-16 13:06:43,77,1500000,1800000,1
2021-05-16 13:06:45,75.8,1500000,1800000,1
2021-05-16 13:06:46,77.2,1500000,1800000,1
2021-05-16 13:06:47,75.8,1500000,1700000,1
2021-05-16 13:06:48,76.8,1500000,1800000,1
2021-05-16 13:06:50,76.2,1500000,1700000,1
2021-05-16 13:06:51,76.8,1500000,1800000,1
2021-05-16 13:06:52,76.4,1500000,1700000,1
2021-05-16 13:06:53,76.4,1500000,1800000,1
2021-05-16 13:06:55,77.2,1500000,1800000,1
2021-05-16 13:06:56,75.6,1500000,1700000,1
2021-05-16 13:06:57,77,1500000,1800000,1
2021-05-16 13:06:58,75.8,1500000,1700000,1
2021-05-16 13:07:00,76.8,1500000,1800000,1
2021-05-16 13:07:01,76.2,1500000,1700000,1
2021-05-16 13:07:02,76.4,1500000,1800000,1
2021-05-16 13:07:03,76.8,1500000,1700000,1
2021-05-16 13:07:05,76.4,1500000,1800000,1
2021-05-16 13:07:06,76.8,1500000,1800000,1
2021-05-16 13:07:07,75.8,1500000,1700000,1
2021-05-16 13:07:08,76.6,1500000,1800000,1
2021-05-16 13:07:10,76.2,1500000,1700000,1
2021-05-16 13:07:11,76.6,1500000,1800000,1
2021-05-16 13:07:12,77,1500000,1700000,1
2021-05-16 13:07:13,76.6,1500000,1800000,1
2021-05-16 13:07:15,76.8,1500000,1800000,1
2021-05-16 13:07:16,75.8,1500000,1700000,1
2021-05-16 13:07:17,76.8,1500000,1800000,1
2021-05-16 13:07:18,76.2,1500000,1700000,1
2021-05-16 13:07:20,75.8,1500000,1800000,1
2021-05-16 13:07:21,76.8,1500000,1800000,1
2021-05-16 13:07:22,75.6,1500000,1800000,1
2021-05-16 13:07:23,77,1500000,1800000,1
2021-05-16 13:07:25,75.8,1500000,1700000,1
2021-05-16 13:07:26,76.8,1500000,1800000,1
2021-05-16 13:07:27,76,1500000,1700000,1
2021-05-16 13:07:28,76.8,1500000,1800000,1
2021-05-16 13:07:30,76.4,1500000,1700000,1
2021-05-16 13:07:31,76.6,1500000,1800000,1
2021-05-16 13:07:32,77.2,1500000,1800000,1
2021-05-16 13:07:33,75.8,1500000,1700000,1
2021-05-16 13:07:35,76.8,1500000,1800000,1
2021-05-16 13:07:36,76,1500000,1700000,1
2021-05-16 13:07:37,76.8,1500000,1800000,1
2021-05-16 13:07:38,76.2,1500000,1700000,1
2021-05-16 13:07:40,76.8,1500000,1800000,1
2021-05-16 13:07:41,75.6,1500000,1800000,1
2021-05-16 13:07:42,76.4,1500000,1800000,1
2021-05-16 13:07:43,75.8,1500000,1700000,1
2021-05-16 13:07:45,76.8,1500000,1800000,1
2021-05-16 13:07:46,75.8,1500000,1700000,1
2021-05-16 13:07:47,76.6,1500000,1800000,1
2021-05-16 13:07:48,76.4,1500000,1700000,1
2021-05-16 13:07:50,76.4,1500000,1800000,1
2021-05-16 13:07:51,77.2,1500000,1700000,1
2021-05-16 13:07:52,76.4,1500000,1800000,1
2021-05-16 13:07:54,76.8,1500000,1800000,1
2021-05-16 13:07:55,75.8,1500000,1700000,1
2021-05-16 13:07:56,76.8,1500000,1800000,1
2021-05-16 13:07:57,76.4,1500000,1700000,1
2021-05-16 13:07:59,76.4,1500000,1800000,1
2021-05-16 13:08:00,77.2,1500000,1800000,1
2021-05-16 13:08:01,75.8,1500000,1700000,1
2021-05-16 13:08:02,76.8,1500000,1800000,1
2021-05-16 13:08:03,75.8,1500000,1700000,1
2021-05-16 13:08:05,76.8,1500000,1800000,1
2021-05-16 13:08:06,76,1500000,1700000,1
2021-05-16 13:08:07,76.4,1500000,1800000,1
2021-05-16 13:08:08,77.2,1500000,1800000,1
2021-05-16 13:08:10,75.8,1500000,1700000,1
2021-05-16 13:08:11,77,1500000,1800000,1
2021-05-16 13:08:12,75.8,1500000,1700000,1
2021-05-16 13:08:14,76.8,1500000,1800000,1
2021-05-16 13:08:15,76,1500000,1700000,1
2021-05-16 13:08:16,76.6,1500000,1800000,1
2021-05-16 13:08:17,76.2,1500000,1700000,1
2021-05-16 13:08:19,76.6,1500000,1800000,1
2021-05-16 13:08:20,76.8,1500000,1700000,1
2021-05-16 13:08:21,76.4,1500000,1800000,1
2021-05-16 13:08:22,75.8,1500000,1700000,1
2021-05-16 13:08:24,76.8,1500000,1800000,1
2021-05-16 13:08:25,76.2,1500000,1700000,1
2021-05-16 13:08:26,76.6,1500000,1800000,1
2021-05-16 13:08:27,77,1500000,1800000,1
2021-05-16 13:08:29,75.8,1500000,1800000,1
2021-05-16 13:08:30,76.8,1500000,1800000,1
2021-05-16 13:08:31,75.8,1500000,1700000,1
2021-05-16 13:08:32,76.8,1500000,1800000,1
2021-05-16 13:08:34,76,1500000,1700000,1
2021-05-16 13:08:35,76.6,1500000,1800000,1
2021-05-16 13:08:36,77,1500000,1800000,1
2021-05-16 13:08:37,75.8,1500000,1800000,1
2021-05-16 13:08:39,77,1500000,1800000,1
2021-05-16 13:08:40,77.2,1500000,1700000,1
2021-05-16 13:08:41,76.4,1500000,1800000,1
2021-05-16 13:08:42,77.2,1500000,1800000,1
2021-05-16 13:08:44,75.8,1500000,1700000,1
2021-05-16 13:08:45,76.8,1500000,1800000,1
2021-05-16 13:08:46,76,1500000,1700000,1
2021-05-16 13:08:47,76.6,1500000,1800000,1
2021-05-16 13:08:49,76.6,1500000,1700000,1
2021-05-16 13:08:50,76.4,1500000,1800000,1
2021-05-16 13:08:51,75.8,1500000,1700000,1
2021-05-16 13:08:52,76.8,1500000,1800000,1
2021-05-16 13:08:54,75.8,1500000,1700000,1
2021-05-16 13:08:55,76.6,1500000,1800000,1
2021-05-16 13:08:56,77.2,1500000,1800000,1
2021-05-16 13:08:57,75.8,1500000,1800000,1
2021-05-16 13:08:59,77.2,1500000,1800000,1
2021-05-16 13:09:00,75.8,1500000,1700000,1
2021-05-16 13:09:01,76.8,1500000,1800000,1
2021-05-16 13:09:02,75.8,1500000,1700000,1
2021-05-16 13:09:04,76.6,1500000,1800000,1
2021-05-16 13:09:05,76.2,1500000,1700000,1
2021-05-16 13:09:06,76.6,1500000,1800000,1
2021-05-16 13:09:07,76.8,1500000,1800000,1
2021-05-16 13:09:09,75.6,1500000,1700000,1
2021-05-16 13:09:10,76.8,1500000,1800000,1
2021-05-16 13:09:11,75.8,1500000,1700000,1
2021-05-16 13:09:12,76.8,1500000,1800000,1
2021-05-16 13:09:14,76.2,1500000,1700000,1
2021-05-16 13:09:15,76.6,1500000,1800000,1
2021-05-16 13:09:16,77,1500000,1800000,1
2021-05-16 13:09:17,75.8,1500000,1700000,1
2021-05-16 13:09:19,77,1500000,1800000,1
2021-05-16 13:09:20,75.8,1500000,1700000,1
2021-05-16 13:09:21,76.8,1500000,1800000,1
2021-05-16 13:09:22,76.2,1500000,1700000,1
2021-05-16 13:09:24,76.6,1500000,1800000,1
2021-05-16 13:09:25,77.2,1500000,1700000,1
2021-05-16 13:09:26,76.4,1500000,1800000,1
2021-05-16 13:09:27,77,1500000,1800000,1
2021-05-16 13:09:29,75.8,1500000,1700000,1
2021-05-16 13:09:30,76.6,1500000,1800000,1
2021-05-16 13:09:31,76.4,1500000,1700000,1
2021-05-16 13:09:32,76.6,1500000,1800000,1
2021-05-16 13:09:34,75.4,1500000,1800000,1
2021-05-16 13:09:35,77.2,1500000,1800000,1
2021-05-16 13:09:36,75.8,1500000,1800000,1
2021-05-16 13:09:38,77,1500000,1800000,1
2021-05-16 13:09:39,75.8,1500000,1700000,1
2021-05-16 13:09:40,77,1500000,1800000,1
2021-05-16 13:09:41,75.8,1500000,1700000,1
2021-05-16 13:09:43,76.8,1500000,1800000,1
2021-05-16 13:09:44,76.4,1500000,1700000,1
2021-05-16 13:09:45,76.8,1500000,1800000,1
2021-05-16 13:09:46,75.8,1500000,1700000,1
2021-05-16 13:09:48,76.8,1500000,1800000,1
2021-05-16 13:09:49,76.4,1500000,1800000,1
2021-05-16 13:09:50,76,1500000,1700000,1
2021-05-16 13:09:51,76.8,1500000,1800000,1
2021-05-16 13:09:53,76.6,1500000,1700000,1
2021-05-16 13:09:54,76.6,1500000,1800000,1
2021-05-16 13:09:55,77.2,1500000,1700000,1
2021-05-16 13:09:56,76.6,1500000,1800000,1
2021-05-16 13:09:58,75.8,1500000,1700000,1
2021-05-16 13:09:59,76.8,1500000,1800000,1
2021-05-16 13:10:00,76,1500000,1700000,1
2021-05-16 13:10:01,76.6,1500000,1800000,1
2021-05-16 13:10:03,76.6,1500000,1700000,1
2021-05-16 13:10:04,76.8,1500000,1800000,1
2021-05-16 13:10:05,77,1500000,1700000,1
2021-05-16 13:10:06,76.6,1500000,1800000,1
2021-05-16 13:10:08,77.2,1500000,1800000,1
2021-05-16 13:10:09,76.4,1500000,1800000,1
2021-05-16 13:10:10,75.8,1500000,1700000,1
2021-05-16 13:10:11,76.8,1500000,1800000,1
2021-05-16 13:10:13,76.4,1500000,1700000,1
2021-05-16 13:10:14,76.8,1500000,1800000,1
2021-05-16 13:10:15,75.6,1500000,1800000,1
2021-05-16 13:10:16,77,1500000,1700000,1
2021-05-16 13:10:18,76.4,1500000,1800000,1
2021-05-16 13:10:19,77.2,1500000,1800000,1
2021-05-16 13:10:20,76.4,1500000,1800000,1
2021-05-16 13:10:21,76.2,1500000,1700000,1
2021-05-16 13:10:23,76.8,1500000,1800000,1
2021-05-16 13:10:24,76.2,1500000,1800000,1
2021-05-16 13:10:25,76.8,1500000,1700000,1
2021-05-16 13:10:26,76.6,1500000,1800000,1
2021-05-16 13:10:28,75.4,1500000,1800000,1
2021-05-16 13:10:29,77.2,1500000,1800000,1
2021-05-16 13:10:30,75.8,1500000,1700000,1
2021-05-16 13:10:32,77,1500000,1800000,1
2021-05-16 13:10:33,75.8,1500000,1700000,1
2021-05-16 13:10:34,77.2,1500000,1800000,1
2021-05-16 13:10:35,76.2,1500000,1700000,1
2021-05-16 13:10:37,76.8,1500000,1800000,1
2021-05-16 13:10:38,75.6,1500000,1800000,1
2021-05-16 13:10:39,77.2,1500000,1800000,1
2021-05-16 13:10:40,75.8,1500000,1700000,1
2021-05-16 13:10:42,77,1500000,1800000,1
2021-05-16 13:10:43,76,1500000,1700000,1
2021-05-16 13:10:44,75.8,1500000,1700000,1
2021-05-16 13:10:45,76.8,1500000,1800000,1
2021-05-16 13:10:47,77.2,1500000,1700000,1
2021-05-16 13:10:48,76.6,1500000,1800000,1
2021-05-16 13:10:49,77,1500000,1800000,1
2021-05-16 13:10:50,76,1500000,1700000,1
2021-05-16 13:10:52,76.8,1500000,1800000,1
2021-05-16 13:10:53,76.2,1500000,1800000,1
2021-05-16 13:10:54,76.8,1500000,1800000,1
2021-05-16 13:10:55,75.8,1500000,1800000,1
2021-05-16 13:10:57,75.6,1500000,1800000,1
2021-05-16 13:10:58,77,1500000,1700000,1
2021-05-16 13:10:59,76.6,1500000,1800000,1
2021-05-16 13:11:00,75.8,1500000,1700000,1
2021-05-16 13:11:02,76.8,1500000,1800000,1
2021-05-16 13:11:03,76.2,1500000,1700000,1
2021-05-16 13:11:04,76.8,1500000,1800000,1
2021-05-16 13:11:05,75.8,1500000,1800000,1
2021-05-16 13:11:07,77.4,1500000,1700000,1
2021-05-16 13:11:08,76,1500000,1800000,1
2021-05-16 13:11:08,73.2,1500000,1800000,0
2021-05-16 13:11:09,56.6,600000,1500000,0
2021-05-16 13:11:10,52.4,600000,600000,0
2021-05-16 13:11:11,51.4,600000,2000000,0
2021-05-16 13:11:12,50.4,600000,600000,0
2021-05-16 13:11:13,49.6,600000,2000000,0
2021-05-16 13:11:14,49.2,600000,2000000,0
2021-05-16 13:11:15,47,600000,600000,0
2021-05-16 13:11:17,46,600000,600000,0
2021-05-16 13:11:18,45.4,600000,600000,0
2021-05-16 13:11:19,45.2,600000,600000,0
2021-05-16 13:11:20,46.4,600000,2000000,0
2021-05-16 13:11:21,46.8,600000,2000000,0
2021-05-16 13:11:22,45,600000,600000,0
2021-05-16 13:11:23,44.6,600000,600000,0
2021-05-16 13:11:24,46.2,600000,2000000,0
2021-05-16 13:11:25,46,600000,600000,0
2021-05-16 13:11:26,46,600000,2000000,0
2021-05-16 13:11:27,46.2,600000,2000000,0
2021-05-16 13:11:28,44.6,600000,600000,0
2021-05-16 13:11:30,45.8,600000,2000000,0
2021-05-16 13:11:31,45.8,600000,2000000,0
2021-05-16 13:11:32,44.6,600000,600000,0
2021-05-16 13:11:33,43.8,600000,600000,0
2021-05-16 13:11:34,45.6,600000,2000000,0
2021-05-16 13:11:35,45.4,600000,600000,0
2021-05-16 13:11:36,45.8,600000,2000000,0
2021-05-16 13:11:37,45.6,600000,2000000,0
2021-05-16 13:11:38,44,600000,600000,0
2021-05-16 13:11:39,45.4,600000,2000000,0
2021-05-16 13:11:40,45.8,600000,2000000,0
2021-05-16 13:11:41,44,600000,600000,0
2021-05-16 13:11:42,43.6,600000,600000,0
2021-05-16 13:11:43,45,600000,2000000,0
2021-05-16 13:11:45,45.6,600000,2000000,0
2021-05-16 13:11:46,43.6,600000,600000,0
2021-05-16 13:11:47,45.2,600000,2000000,0
2021-05-16 13:11:48,45.4,600000,600000,0
2021-05-16 13:11:49,43.8,600000,600000,0
2021-05-16 13:11:50,45,600000,2000000,0
2021-05-16 13:11:51,45.2,600000,600000,0
2021-05-16 13:11:52,45.2,600000,2000000,0
2021-05-16 13:11:53,45.6,600000,2000000,0
2021-05-16 13:11:54,44,600000,600000,0
2021-05-16 13:11:55,45,600000,2000000,0
2021-05-16 13:11:56,45.6,600000,2000000,0
2021-05-16 13:11:57,43.6,600000,600000,0
2021-05-16 13:11:59,45,600000,2000000,0
2021-05-16 13:12:00,45.6,600000,2000000,0
2021-05-16 13:12:01,43.8,600000,600000,0
2021-05-16 13:12:02,43.6,600000,600000,0
2021-05-16 13:12:03,45,600000,2000000,0
2021-05-16 13:12:04,45.2,600000,2000000,0
2021-05-16 13:12:05,43.6,600000,600000,0
2021-05-16 13:12:06,43.6,600000,600000,0
2021-05-16 13:12:07,45,600000,2000000,0
2021-05-16 13:12:08,45.6,600000,2000000,0
2021-05-16 13:12:09,43.6,600000,600000,0
2021-05-16 13:12:10,45,600000,2000000,0
2021-05-16 13:12:11,45.6,600000,2000000,0
2021-05-16 13:12:12,43.8,600000,600000,0
2021-05-16 13:12:14,45.2,600000,2000000,0
2021-05-16 13:12:15,44.8,600000,600000,0
2021-05-16 13:12:16,45.6,600000,2000000,0
2021-05-16 13:12:17,45.8,600000,2000000,0
2021-05-16 13:12:18,43.8,600000,600000,0
2021-05-16 13:12:19,43.6,600000,600000,0
2021-05-16 13:12:20,45,600000,2000000,0
2021-05-16 13:12:21,45.6,600000,2000000,0
2021-05-16 13:12:22,43.6,600000,600000,0
2021-05-16 13:12:23,45.2,600000,2000000,0
2021-05-16 13:12:24,45.6,600000,2000000,0
2021-05-16 13:12:25,43.8,600000,600000,0
2021-05-16 13:12:26,45.4,600000,2000000,0
2021-05-16 13:12:27,45.6,600000,2000000,0
2021-05-16 13:12:29,44,600000,600000,0
2021-05-16 13:12:30,45.4,600000,2000000,0
2021-05-16 13:12:31,45.6,600000,2000000,0
2021-05-16 13:12:32,44,600000,600000,0
2021-05-16 13:12:33,45.6,600000,2000000,0
2021-05-16 13:12:34,45.6,600000,2000000,0
2021-05-16 13:12:35,44,600000,600000,0
2021-05-16 13:12:36,43.6,600000,600000,0
2021-05-16 13:12:37,45,600000,2000000,0
2021-05-16 13:12:38,45.6,600000,2000000,0
2021-05-16 13:12:39,44,600000,600000,0
2021-05-16 13:12:40,43.6,600000,600000,0
2021-05-16 13:12:41,43.6,600000,600000,0
2021-05-16 13:12:43,45,600000,2000000,0
2021-05-16 13:12:44,45.6,600000,2000000,0
2021-05-16 13:12:45,43.6,600000,600000,0
2021-05-16 13:12:46,45.2,600000,2000000,0
2021-05-16 13:12:47,45.6,600000,2000000,0
2021-05-16 13:12:48,44,600000,600000,0
2021-05-16 13:12:49,45.4,600000,2000000,0
2021-05-16 13:12:50,45.4,600000,600000,0
2021-05-16 13:12:51,45.6,600000,2000000,0
2021-05-16 13:12:52,46,600000,2000000,0
2021-05-16 13:12:53,44.2,600000,600000,0
2021-05-16 13:12:54,45.6,600000,2000000,0
2021-05-16 13:12:55,45.6,600000,2000000,0
2021-05-16 13:12:56,44.2,600000,600000,0
2021-05-16 13:12:57,45.6,600000,2000000,0
2021-05-16 13:12:59,45.6,600000,2000000,0
2021-05-16 13:13:00,44.4,600000,600000,0
2021-05-16 13:13:01,45.6,600000,2000000,0
2021-05-16 13:13:02,45.6,600000,600000,0
2021-05-16 13:13:03,45.8,600000,2000000,0
2021-05-16 13:13:04,46,600000,2000000,0
2021-05-16 13:13:05,44.6,600000,600000,0
2021-05-16 13:13:06,45.6,600000,2000000,0
2021-05-16 13:13:07,45.8,600000,2000000,0
2021-05-16 13:13:08,44.6,600000,600000,0
2021-05-16 13:13:09,45.6,600000,2000000,0
2021-05-16 13:13:10,46,600000,2000000,0
2021-05-16 13:13:11,44.6,600000,600000,0
2021-05-16 13:13:12,45.6,600000,2000000,0
2021-05-16 13:13:13,46.2,600000,2000000,0
2021-05-16 13:13:15,44.4,600000,600000,0
2021-05-16 13:13:16,44,600000,600000,0
2021-05-16 13:13:17,45.6,600000,2000000,0
2021-05-16 13:13:18,45.8,600000,600000,0
2021-05-16 13:13:19,44.2,600000,600000,0
2021-05-16 13:13:20,44,600000,600000,0
2021-05-16 13:13:21,45.6,600000,2000000,0
2021-05-16 13:13:22,45.8,600000,2000000,0
2021-05-16 13:13:23,44.6,600000,600000,0
2021-05-16 13:13:24,45.6,600000,2000000,0
2021-05-16 13:13:25,46,600000,600000,0
2021-05-16 13:13:26,46,600000,2000000,0
2021-05-16 13:13:28,46,600000,2000000,0
2021-05-16 13:13:29,44.6,600000,600000,0
2021-05-16 13:13:30,44,600000,600000,0
2021-05-16 13:13:31,45.8,600000,2000000,0
2021-05-16 13:13:32,45.8,600000,2000000,0
2021-05-16 13:13:33,44.6,600000,600000,0
2021-05-16 13:13:34,46,600000,2000000,0
2021-05-16 13:13:35,45.6,600000,600000,0
2021-05-16 13:13:36,44.6,600000,600000,0
2021-05-16 13:13:37,44.4,600000,600000,0
2021-05-16 13:13:38,45.6,600000,2000000,0
2021-05-16 13:13:39,46,600000,2000000,0
2021-05-16 13:13:40,44.6,600000,600000,0
2021-05-16 13:13:42,45.8,600000,2000000,0
2021-05-16 13:13:43,46.2,600000,2000000,0
2021-05-16 13:13:44,44.6,600000,600000,0
2021-05-16 13:13:45,45.8,600000,2000000,0
2021-05-16 13:13:46,46,600000,600000,0
2021-05-16 13:13:47,44.6,600000,600000,0
2021-05-16 13:13:48,44.4,600000,600000,0
2021-05-16 13:13:49,45.6,600000,2000000,0
2021-05-16 13:13:50,46.2,600000,2000000,0
2021-05-16 13:13:51,44.6,600000,600000,0
2021-05-16 13:13:52,46,600000,2000000,0
2021-05-16 13:13:53,46,600000,2000000,0
2021-05-16 13:13:54,44.6,600000,600000,0
2021-05-16 13:13:56,44.6,600000,600000,0
2021-05-16 13:13:57,44.2,600000,600000,0
2021-05-16 13:13:58,45.6,600000,2000000,0
2021-05-16 13:13:59,46.4,600000,2000000,0
2021-05-16 13:14:00,44.6,600000,600000,0
2021-05-16 13:14:01,44.4,600000,600000,0
2021-05-16 13:14:02,46,600000,2000000,0
2021-05-16 13:14:03,46.2,600000,2000000,0
2021-05-16 13:14:04,44.6,600000,600000,0
2021-05-16 13:14:05,46.2,600000,2000000,0
2021-05-16 13:14:06,46.2,600000,600000,0
2021-05-16 13:14:07,46.6,600000,2000000,0
2021-05-16 13:14:08,46.8,600000,2000000,0
2021-05-16 13:14:09,44.8,600000,600000,0
2021-05-16 13:14:11,46.2,600000,2000000,0
2021-05-16 13:14:12,46.6,600000,2000000,0
2021-05-16 13:14:13,44.8,600000,600000,0
2021-05-16 13:14:14,46.2,600000,2000000,0
2021-05-16 13:14:15,46.6,600000,2000000,0
2021-05-16 13:14:16,45,600000,600000,0
2021-05-16 13:14:17,46.8,600000,2000000,0
2021-05-16 13:14:18,46.6,600000,2000000,0
2021-05-16 13:14:19,44.8,600000,600000,0
2021-05-16 13:14:20,46.2,600000,2000000,0
2021-05-16 13:14:21,46.6,600000,2000000,0
2021-05-16 13:14:22,45,600000,600000,0
2021-05-16 13:14:23,46.6,600000,2000000,0
2021-05-16 13:14:24,46.8,600000,2000000,0
2021-05-16 13:14:26,45,600000,600000,0
2021-05-16 13:14:27,46.6,600000,2000000,0
2021-05-16 13:14:28,46.8,600000,2000000,0
2021-05-16 13:14:29,45,600000,600000,0
2021-05-16 13:14:30,46.6,600000,2000000,0
2021-05-16 13:14:31,46.6,600000,2000000,0
2021-05-16 13:14:32,45.6,600000,600000,0
2021-05-16 13:14:33,44.6,600000,600000,0
2021-05-16 13:14:34,46.4,600000,2000000,0
2021-05-16 13:14:35,46.4,600000,600000,0
2021-05-16 13:14:36,45,600000,600000,0
2021-05-16 13:14:37,46.4,600000,2000000,0
2021-05-16 13:14:38,46.8,600000,2000000,0
2021-05-16 13:14:39,45.4,600000,600000,0
2021-05-16 13:14:41,44.8,600000,600000,0
2021-05-16 13:14:42,44.6,600000,600000,0
2021-05-16 13:14:43,44.6,600000,600000,0
2021-05-16 13:14:44,44.6,600000,600000,0
2021-05-16 13:14:45,44.6,600000,600000,0
2021-05-16 13:14:46,46.2,600000,2000000,0
2021-05-16 13:14:47,46.8,600000,2000000,0
2021-05-16 13:14:48,45.4,600000,600000,0
2021-05-16 13:14:49,44.8,600000,600000,0
2021-05-16 13:14:50,46.6,600000,2000000,0
2021-05-16 13:14:51,46.4,600000,600000,0
2021-05-16 13:14:53,46.8,600000,2000000,0
2021-05-16 13:14:54,47.2,600000,2000000,0
2021-05-16 13:14:55,45.6,600000,600000,0
2021-05-16 13:14:56,46.8,600000,2000000,0
2021-05-16 13:14:57,47,600000,600000,0
2021-05-16 13:14:58,45.4,600000,600000,0
2021-05-16 13:14:59,44.8,600000,600000,0
2021-05-16 13:15:00,44.6,600000,600000,0
2021-05-16 13:15:01,46.6,600000,2000000,0
2021-05-16 13:15:02,46.8,600000,600000,0
2021-05-16 13:15:03,46.8,600000,2000000,0
2021-05-16 13:15:04,47.2,600000,2000000,0
2021-05-16 13:15:05,45.6,600000,600000,0
2021-05-16 13:15:07,45,600000,600000,0
2021-05-16 13:15:08,46.6,600000,2000000,0
2021-05-16 13:15:09,47,600000,2000000,0
2021-05-16 13:15:10,45.6,600000,600000,0
2021-05-16 13:15:11,45,600000,600000,0
2021-05-16 13:15:12,46.6,600000,2000000,0
2021-05-16 13:15:13,46.8,600000,600000,0
2021-05-16 13:15:14,46.8,600000,2000000,0
2021-05-16 13:15:15,47.2,600000,2000000,0
2021-05-16 13:15:16,45.6,600000,600000,0
2021-05-16 13:15:17,47.2,600000,2000000,0
2021-05-16 13:15:18,47.4,600000,2000000,0
2021-05-16 13:15:19,45.6,600000,600000,0
2021-05-16 13:15:21,47,600000,2000000,0
2021-05-16 13:15:22,47,600000,600000,0
2021-05-16 13:15:23,47.2,600000,2000000,0
2021-05-16 13:15:24,47.4,600000,2000000,0
2021-05-16 13:15:25,45.6,600000,600000,0
2021-05-16 13:15:26,47,600000,2000000,0
2021-05-16 13:15:27,47.4,600000,2000000,0
2021-05-16 13:15:28,45.6,600000,600000,0
2021-05-16 13:15:29,45.4,600000,600000,0
2021-05-16 13:15:30,46.6,600000,2000000,0
2021-05-16 13:15:31,47.4,600000,2000000,0
2021-05-16 13:15:32,45.6,600000,600000,0
2021-05-16 13:15:33,47.2,600000,2000000,0
2021-05-16 13:15:34,47.2,600000,600000,0
2021-05-16 13:15:36,47.6,600000,2000000,0
2021-05-16 13:15:37,47.6,600000,2000000,0
2021-05-16 13:15:38,45.6,600000,600000,0
2021-05-16 13:15:39,47.2,600000,2000000,0
2021-05-16 13:15:40,47.2,600000,600000,0
2021-05-16 13:15:41,47.6,600000,2000000,0
2021-05-16 13:15:42,47.6,600000,2000000,0
2021-05-16 13:15:43,45.6,600000,600000,0
2021-05-16 13:15:44,47.2,600000,2000000,0
2021-05-16 13:15:45,47.6,600000,2000000,0
2021-05-16 13:15:46,45.8,600000,600000,0
2021-05-16 13:15:47,47.4,600000,2000000,0
2021-05-16 13:15:48,47.4,600000,600000,0
2021-05-16 13:15:50,47.6,600000,2000000,0
2021-05-16 13:15:51,47.6,600000,2000000,0
2021-05-16 13:15:52,46,600000,600000,0
2021-05-16 13:15:53,47.4,600000,2000000,0
2021-05-16 13:15:54,47.4,600000,600000,0
2021-05-16 13:15:55,45.8,600000,600000,0
2021-05-16 13:15:56,47.4,600000,2000000,0
2021-05-16 13:15:57,47.2,600000,600000,0
2021-05-16 13:15:58,47.6,600000,2000000,0
2021-05-16 13:15:59,47.8,600000,2000000,0
2021-05-16 13:16:00,46.2,600000,600000,0
2021-05-16 13:16:01,47.4,600000,2000000,0
2021-05-16 13:16:02,47.8,600000,2000000,0
2021-05-16 13:16:03,45.8,600000,600000,0
2021-05-16 13:16:05,47.4,600000,2000000,0
2021-05-16 13:16:06,47.8,600000,2000000,0
2021-05-16 13:16:07,46,600000,600000,0
2021-05-16 13:16:08,47.6,600000,2000000,0
2021-05-16 13:16:09,47.6,600000,2000000,0
