2021-05-16 17:15:36,35.5,900228,900228,0
2021-05-16 17:15:37,34.5,600169,600169,0
2021-05-16 17:15:38,36.0,600169,600169,0
2021-05-16 17:15:39,35.5,600169,600169,0
2021-05-16 17:15:40,35.5,600117,600117,0
2021-05-16 17:15:41,36.0,700154,700154,0
2021-05-16 17:15:42,35.5,600117,600117,0
2021-05-16 17:15:43,36.0,600117,600117,0
2021-05-16 17:15:44,36.5,600169,600169,0
2021-05-16 17:15:45,37.0,600117,600117,0
2021-05-16 17:15:47,36.5,600169,600169,0
2021-05-16 17:15:48,35.5,600169,600169,0
2021-05-16 17:15:49,37.0,600169,600169,0
2021-05-16 17:15:50,37.0,600169,600169,0
2021-05-16 17:15:51,37.4,600117,600117,0
2021-05-16 17:15:52,37.0,600117,600117,0
2021-05-16 17:15:53,37.0,600117,600117,0
2021-05-16 17:15:54,37.9,800191,800191,0
2021-05-16 17:15:55,36.5,600117,600117,0
2021-05-16 17:15:56,36.5,600169,600169,0
2021-05-16 17:15:57,37.0,600117,600117,0
2021-05-16 17:15:59,37.4,700154,700154,0
2021-05-16 17:16:00,37.4,600169,600169,0
2021-05-16 17:16:01,37.4,600117,600117,0
2021-05-16 17:16:02,36.0,800191,800191,0
2021-05-16 17:16:03,36.5,600169,600169,0
2021-05-16 17:16:04,37.0,600117,600117,0
2021-05-16 17:16:05,37.0,600117,600117,0
2021-05-16 17:16:06,37.9,600117,600117,0
2021-05-16 17:16:06,37.9,1300324,1300324,1
2021-05-16 17:16:07,45.7,2000478,2000478,1
2021-05-16 17:16:08,48.2,2000478,2000478,1
2021-05-16 17:16:10,51.1,2000478,2000478,1
2021-05-16 17:16:11,52.1,2000478,2000478,1
2021-05-16 17:16:12,54.0,2000478,2000478,1
2021-05-16 17:16:13,55.5,2000478,2000478,1
2021-05-16 17:16:14,56.0,2000478,2000478,1
2021-05-16 17:16:15,56.9,2000478,2000478,1
2021-05-16 17:16:17,58.4,2000531,2000531,1
2021-05-16 17:16:18,57.9,2000478,2000478,1
2021-05-16 17:16:19,59.9,2000478,2000478,1
2021-05-16 17:16:20,60.3,2000478,2000478,1
2021-05-16 17:16:21,61.3,2000478,2000478,1
2021-05-16 17:16:22,60.8,2000478,2000478,1
2021-05-16 17:16:24,61.8,2000478,2000478,1
2021-05-16 17:16:25,63.3,2000478,2000478,1
2021-05-16 17:16:26,62.8,2000478,2000478,1
2021-05-16 17:16:27,62.8,2000478,2000478,1
2021-05-16 17:16:28,64.2,2000531,2000531,1
2021-05-16 17:16:29,65.2,2000478,2000478,1
2021-05-16 17:16:31,65.7,2000478,2000478,1
2021-05-16 17:16:32,64.7,2000478,2000478,1
2021-05-16 17:16:33,66.2,2000478,2000478,1
2021-05-16 17:16:34,68.1,2000478,2000478,1
2021-05-16 17:16:35,67.2,2000531,2000531,1
2021-05-16 17:16:36,67.6,2000478,2000478,1
2021-05-16 17:16:38,68.6,2000478,2000478,1
2021-05-16 17:16:39,68.1,2000478,2000478,1
2021-05-16 17:16:40,69.1,2000478,2000478,1
2021-05-16 17:16:41,68.1,2000478,2000478,1
2021-05-16 17:16:42,70.6,2000478,2000478,1
2021-05-16 17:16:43,69.6,2000531,2000531,1
2021-05-16 17:16:45,69.6,2000478,2000478,1
2021-05-16 17:16:46,70.1,2000478,2000478,1
2021-05-16 17:16:47,71.5,2000478,2000478,1
2021-05-16 17:16:48,70.6,2000478,2000478,1
2021-05-16 17:16:49,72.0,2000478,2000478,1
2021-05-16 17:16:50,71.5,2000478,2000478,1
2021-05-16 17:16:52,71.1,2000478,2000478,1
2021-05-16 17:16:53,72.5,2000531,2000531,1
2021-05-16 17:16:54,72.5,2000531,2000531,1
2021-05-16 17:16:55,72.0,2000478,2000478,1
2021-05-16 17:16:56,73.0,2000478,2000478,1
2021-05-16 17:16:57,74.0,2000478,2000478,1
2021-05-16 17:16:59,74.5,2000478,2000478,1
2021-05-16 17:17:00,74.0,2000478,2000478,1
2021-05-16 17:17:01,74.0,2000531,2000531,1
2021-05-16 17:17:02,74.5,2000478,2000478,1
2021-05-16 17:17:03,74.5,2000531,2000531,1
2021-05-16 17:17:04,74.5,2000478,2000478,1
2021-05-16 17:17:06,75.0,2000478,2000478,1
2021-05-16 17:17:07,75.0,2000478,2000478,1
2021-05-16 17:17:08,75.9,2000478,2000478,1
2021-05-16 17:17:09,75.9,2000478,2000478,1
2021-05-16 17:17:10,75.4,2000478,2000478,1
2021-05-16 17:17:11,75.9,2000478,2000478,1
2021-05-16 17:17:13,76.9,2000531,2000531,1
2021-05-16 17:17:14,76.9,2000531,2000531,1
2021-05-16 17:17:15,76.9,2000478,2000478,1
2021-05-16 17:17:16,78.4,2000478,2000478,1
2021-05-16 17:17:17,78.4,2000478,2000478,1
2021-05-16 17:17:18,77.4,2000478,2000478,1
2021-05-16 17:17:20,77.9,2000478,2000478,1
2021-05-16 17:17:21,78.8,2000531,2000531,1
2021-05-16 17:17:22,78.4,2000478,2000478,1
2021-05-16 17:17:23,78.8,2000478,2000478,1
2021-05-16 17:17:24,78.4,2000478,2000478,1
2021-05-16 17:17:25,77.4,2000531,2000531,1
2021-05-16 17:17:27,78.8,2000531,2000531,1
2021-05-16 17:17:28,80.3,2000478,2000478,1
2021-05-16 17:17:29,80.8,2000478,2000478,1
2021-05-16 17:17:30,79.8,2000478,2000478,1
2021-05-16 17:17:31,80.3,2000478,2000478,1
2021-05-16 17:17:32,79.8,2000531,2000531,1
2021-05-16 17:17:34,80.3,2000531,2000531,1
2021-05-16 17:17:35,79.3,2000531,2000531,1
2021-05-16 17:17:36,80.8,2000478,2000478,1
2021-05-16 17:17:37,80.3,2000478,2000478,1
2021-05-16 17:17:38,79.3,2000478,2000478,1
2021-05-16 17:17:40,80.8,2000478,2000478,1
2021-05-16 17:17:41,80.3,2000478,2000478,1
2021-05-16 17:17:42,80.3,2000478,2000478,1
2021-05-16 17:17:43,80.3,2000531,2000531,1
2021-05-16 17:17:44,80.3,2000478,2000478,1
2021-05-16 17:17:45,81.3,2000478,2000478,1
2021-05-16 17:17:46,81.8,2000478,2000478,1
2021-05-16 17:17:48,81.3,2000478,2000478,1
2021-05-16 17:17:49,81.3,2000531,2000531,1
2021-05-16 17:17:50,81.8,2000478,2000478,1
2021-05-16 17:17:51,80.8,2000478,2000478,1
2021-05-16 17:17:52,80.8,2000478,2000478,1
2021-05-16 17:17:53,81.3,2000478,2000478,1
2021-05-16 17:17:55,81.8,2000478,2000478,1
2021-05-16 17:17:56,82.3,2000531,2000531,1
2021-05-16 17:17:57,81.3,2000531,2000531,1
2021-05-16 17:17:58,80.8,1333652,1333652,1
2021-05-16 17:17:59,81.3,2000478,2000478,1
2021-05-16 17:18:01,81.8,1333652,1333652,1
2021-05-16 17:18:02,80.8,2000478,2000478,1
2021-05-16 17:18:03,82.3,2000478,2000478,1
2021-05-16 17:18:04,82.3,1333652,1333652,1
2021-05-16 17:18:05,80.8,2000531,2000531,1
2021-05-16 17:18:06,82.3,2000478,2000478,1
2021-05-16 17:18:08,81.3,2000531,2000531,1
2021-05-16 17:18:09,81.8,1333652,1333652,1
2021-05-16 17:18:10,82.7,2000531,2000531,1
2021-05-16 17:18:11,81.3,2000478,2000478,1
2021-05-16 17:18:12,80.8,2000478,2000478,1
2021-05-16 17:18:13,81.3,1333652,1333652,1
2021-05-16 17:18:15,81.8,2000478,2000478,1
2021-05-16 17:18:16,79.8,2000478,2000478,1
2021-05-16 17:18:17,82.7,1333652,1333652,1
2021-05-16 17:18:18,81.8,2000478,2000478,1
2021-05-16 17:18:19,81.8,2000478,2000478,1
2021-05-16 17:18:21,82.3,1333652,1333652,1
2021-05-16 17:18:22,80.8,2000478,2000478,1
2021-05-16 17:18:23,81.8,2000478,2000478,1
2021-05-16 17:18:24,82.3,2000478,2000478,1
2021-05-16 17:18:25,81.8,2000478,2000478,1
2021-05-16 17:18:26,82.7,1333705,1333705,1
2021-05-16 17:18:28,80.8,2000531,2000531,1
2021-05-16 17:18:29,82.7,1333652,1333652,1
2021-05-16 17:18:30,81.3,2000478,2000478,1
2021-05-16 17:18:31,82.7,1333652,1333652,1
2021-05-16 17:18:32,81.3,2000478,2000478,1
2021-05-16 17:18:34,82.3,2000478,2000478,1
2021-05-16 17:18:35,81.3,2000478,2000478,1
2021-05-16 17:18:36,82.3,1333652,1333652,1
2021-05-16 17:18:37,81.3,2000531,2000531,1
2021-05-16 17:18:38,81.3,2000478,2000478,1
2021-05-16 17:18:39,81.3,2000478,2000478,1
2021-05-16 17:18:41,82.7,1333652,1333652,1
2021-05-16 17:18:42,80.8,2000531,2000531,1
2021-05-16 17:18:43,82.3,1333652,1333652,1
2021-05-16 17:18:44,81.8,1333652,1333652,1
2021-05-16 17:18:45,82.3,1333652,1333652,1
2021-05-16 17:18:47,81.3,2000478,2000478,1
2021-05-16 17:18:48,81.3,2000531,2000531,1
2021-05-16 17:18:49,82.7,1333652,1333652,1
2021-05-16 17:18:50,81.3,2000478,2000478,1
2021-05-16 17:18:51,80.8,2000478,2000478,1
2021-05-16 17:18:53,81.8,2000478,2000478,1
2021-05-16 17:18:54,82.3,2000478,2000478,1
2021-05-16 17:18:55,81.3,2000478,2000478,1
2021-05-16 17:18:56,81.3,2000531,2000531,1
2021-05-16 17:18:57,82.3,1333652,1333652,1
2021-05-16 17:18:58,80.8,2000478,2000478,1
2021-05-16 17:19:00,81.3,2000478,2000478,1
2021-05-16 17:19:01,80.8,2000478,2000478,1
2021-05-16 17:19:02,81.8,2000478,2000478,1
2021-05-16 17:19:03,81.8,2000478,2000478,1
2021-05-16 17:19:04,82.7,1333652,1333652,1
2021-05-16 17:19:05,81.3,2000478,2000478,1
2021-05-16 17:19:07,81.8,2000478,2000478,1
2021-05-16 17:19:08,81.8,2000478,2000478,1
2021-05-16 17:19:09,81.3,2000531,2000531,1
2021-05-16 17:19:10,80.8,2000478,2000478,1
2021-05-16 17:19:11,80.8,2000478,2000478,1
2021-05-16 17:19:13,81.8,2000478,2000478,1
2021-05-16 17:19:14,81.8,1333652,1333652,1
2021-05-16 17:19:15,81.8,2000478,2000478,1
2021-05-16 17:19:16,81.8,2000478,2000478,1
2021-05-16 17:19:17,80.8,2000478,2000478,1
2021-05-16 17:19:19,81.8,2000478,2000478,1
2021-05-16 17:19:20,82.3,1333652,1333652,1
2021-05-16 17:19:21,81.3,2000478,2000478,1
2021-05-16 17:19:22,81.8,2000478,2000478,1
2021-05-16 17:19:23,82.3,2000531,2000531,1
2021-05-16 17:19:24,81.8,1333652,1333652,1
2021-05-16 17:19:26,82.3,2000478,2000478,1
2021-05-16 17:19:27,81.8,2000531,2000531,1
2021-05-16 17:19:28,81.8,2000531,2000531,1
2021-05-16 17:19:29,81.3,2000478,2000478,1
2021-05-16 17:19:30,80.8,1333652,1333652,1
2021-05-16 17:19:32,81.3,2000478,2000478,1
2021-05-16 17:19:33,80.8,2000478,2000478,1
2021-05-16 17:19:34,81.8,2000478,2000478,1
2021-05-16 17:19:35,80.3,2000478,2000478,1
2021-05-16 17:19:36,81.3,2000478,2000478,1
2021-05-16 17:19:37,82.3,2000478,2000478,1
2021-05-16 17:19:39,80.3,2000478,2000478,1
2021-05-16 17:19:40,81.3,1333652,1333652,1
2021-05-16 17:19:41,82.7,2000478,2000478,1
2021-05-16 17:19:42,81.8,2000478,2000478,1
2021-05-16 17:19:43,80.8,2000478,2000478,1
2021-05-16 17:19:45,81.3,2000478,2000478,1
2021-05-16 17:19:46,83.2,1333652,1333652,1
2021-05-16 17:19:47,80.3,2000478,2000478,1
2021-05-16 17:19:48,82.3,1333705,1333705,1
2021-05-16 17:19:49,81.8,2000478,2000478,1
2021-05-16 17:19:50,81.3,2000478,2000478,1
2021-05-16 17:19:52,80.3,2000478,2000478,1
2021-05-16 17:19:53,82.7,2000478,2000478,1
2021-05-16 17:19:54,80.8,2000478,2000478,1
2021-05-16 17:19:55,81.3,2000478,2000478,1
2021-05-16 17:19:56,81.3,2000478,2000478,1
2021-05-16 17:19:58,82.3,1333652,1333652,1
2021-05-16 17:19:59,80.3,2000478,2000478,1
2021-05-16 17:20:00,81.3,2000478,2000478,1
2021-05-16 17:20:01,81.8,1333652,1333652,1
2021-05-16 17:20:02,82.3,2000531,2000531,1
2021-05-16 17:20:03,81.8,2000478,2000478,1
2021-05-16 17:20:05,81.3,2000478,2000478,1
2021-05-16 17:20:06,81.8,2000478,2000478,1
2021-05-16 17:20:07,82.3,1333652,1333652,1
2021-05-16 17:20:08,81.8,2000478,2000478,1
2021-05-16 17:20:09,81.8,2000478,2000478,1
2021-05-16 17:20:10,81.3,2000478,2000478,1
2021-05-16 17:20:12,80.3,2000478,2000478,1
2021-05-16 17:20:13,82.3,1333652,1333652,1
2021-05-16 17:20:14,81.3,2000478,2000478,1
2021-05-16 17:20:15,81.8,2000478,2000478,1
2021-05-16 17:20:16,82.3,1333652,1333652,1
2021-05-16 17:20:18,81.3,1333652,1333652,1
2021-05-16 17:20:19,81.8,2000478,2000478,1
2021-05-16 17:20:20,82.7,2000478,2000478,1
2021-05-16 17:20:21,81.3,2000478,2000478,1
2021-05-16 17:20:22,81.8,2000478,2000478,1
2021-05-16 17:20:23,83.2,1333652,1333652,1
2021-05-16 17:20:25,82.3,2000478,2000478,1
2021-05-16 17:20:26,81.8,1333652,1333652,1
2021-05-16 17:20:27,81.3,2000531,2000531,1
2021-05-16 17:20:28,82.3,1333705,1333705,1
2021-05-16 17:20:29,81.3,1333652,1333652,1
2021-05-16 17:20:31,82.3,1333652,1333652,1
2021-05-16 17:20:32,81.3,2000478,2000478,1
2021-05-16 17:20:33,82.3,1333652,1333652,1
2021-05-16 17:20:34,81.8,1333652,1333652,1
2021-05-16 17:20:35,80.8,1333652,1333652,1
2021-05-16 17:20:37,82.7,2000478,2000478,1
2021-05-16 17:20:38,82.3,2000478,2000478,1
2021-05-16 17:20:39,81.3,2000478,2000478,1
2021-05-16 17:20:40,83.2,1333652,1333652,1
2021-05-16 17:20:41,80.3,2000478,2000478,1
2021-05-16 17:20:43,80.8,2000531,2000531,1
2021-05-16 17:20:44,81.8,2000531,2000531,1
2021-05-16 17:20:45,82.3,1333705,1333705,1
2021-05-16 17:20:46,81.8,1333652,1333652,1
2021-05-16 17:20:47,80.3,2000478,2000478,1
2021-05-16 17:20:49,82.3,1333652,1333652,1
2021-05-16 17:20:50,81.8,2000478,2000478,1
2021-05-16 17:20:51,80.8,2000478,2000478,1
2021-05-16 17:20:52,82.3,1333652,1333652,1
2021-05-16 17:20:53,81.3,2000478,2000478,1
2021-05-16 17:20:54,81.8,2000478,2000478,1
2021-05-16 17:20:56,82.3,1333652,1333652,1
2021-05-16 17:20:57,80.3,2000478,2000478,1
2021-05-16 17:20:58,81.8,2000478,2000478,1
2021-05-16 17:20:59,83.2,1333652,1333652,1
2021-05-16 17:21:00,81.3,2000478,2000478,1
2021-05-16 17:21:02,82.7,2000478,2000478,1
2021-05-16 17:21:03,81.3,2000531,2000531,1
2021-05-16 17:21:04,81.8,2000478,2000478,1
2021-05-16 17:21:05,81.3,2000478,2000478,1
2021-05-16 17:21:06,81.8,2000478,2000478,1
2021-05-16 17:21:07,82.3,2000478,2000478,1
2021-05-16 17:21:09,82.7,1333652,1333652,1
2021-05-16 17:21:10,82.3,1333652,1333652,1
2021-05-16 17:21:11,80.8,2000478,2000478,1
2021-05-16 17:21:12,81.8,2000478,2000478,1
2021-05-16 17:21:13,82.3,2000478,2000478,1
2021-05-16 17:21:15,81.8,1333652,1333652,1
2021-05-16 17:21:16,81.3,2000478,2000478,1
2021-05-16 17:21:17,81.3,2000478,2000478,1
2021-05-16 17:21:18,82.3,2000478,2000478,1
2021-05-16 17:21:19,82.7,1333652,1333652,1
2021-05-16 17:21:21,81.8,2000478,2000478,1
2021-05-16 17:21:22,81.3,2000531,2000531,1
2021-05-16 17:21:23,81.8,2000531,2000531,1
2021-05-16 17:21:24,82.3,1333652,1333652,1
2021-05-16 17:21:25,82.7,1333705,1333705,1
2021-05-16 17:21:26,83.2,1333652,1333652,1
2021-05-16 17:21:28,82.3,1333652,1333652,1
2021-05-16 17:21:29,82.7,2000478,2000478,1
2021-05-16 17:21:30,81.8,2000531,2000531,1
2021-05-16 17:21:31,82.7,1333652,1333652,1
2021-05-16 17:21:32,81.3,2000531,2000531,1
2021-05-16 17:21:34,81.3,2000531,2000531,1
2021-05-16 17:21:35,81.3,2000478,2000478,1
2021-05-16 17:21:36,82.3,2000531,2000531,1
2021-05-16 17:21:37,81.3,2000478,2000478,1
2021-05-16 17:21:38,81.8,2000478,2000478,1
2021-05-16 17:21:39,81.8,1333705,1333705,1
2021-05-16 17:21:41,82.3,1333652,1333652,1
2021-05-16 17:21:42,80.8,2000531,2000531,1
2021-05-16 17:21:43,81.8,1333652,1333652,1
2021-05-16 17:21:44,81.8,2000478,2000478,1
2021-05-16 17:21:45,81.8,1333705,1333705,1
2021-05-16 17:21:47,82.3,1333652,1333652,1
2021-05-16 17:21:48,81.8,2000478,2000478,1
2021-05-16 17:21:49,81.8,1333652,1333652,1
2021-05-16 17:21:50,80.8,2000478,2000478,1
2021-05-16 17:21:51,81.3,2000478,2000478,1
2021-05-16 17:21:52,83.2,2000478,2000478,1
2021-05-16 17:21:54,81.8,2000531,2000531,1
2021-05-16 17:21:55,81.8,2000478,2000478,1
2021-05-16 17:21:56,80.8,2000478,2000478,1
2021-05-16 17:21:57,81.8,2000478,2000478,1
2021-05-16 17:21:58,82.7,1333652,1333652,1
2021-05-16 17:22:00,81.3,1333652,1333652,1
2021-05-16 17:22:01,80.3,2000531,2000531,1
2021-05-16 17:22:02,81.8,2000478,2000478,1
2021-05-16 17:22:03,83.2,1333652,1333652,1
2021-05-16 17:22:04,82.3,1333705,1333705,1
2021-05-16 17:22:05,81.8,2000478,2000478,1
2021-05-16 17:22:07,83.2,1333652,1333652,1
2021-05-16 17:22:08,82.3,1333652,1333652,1
2021-05-16 17:22:09,81.8,2000478,2000478,1
2021-05-16 17:22:10,80.3,2000531,2000531,1
2021-05-16 17:22:11,82.3,1333652,1333652,1
2021-05-16 17:22:13,81.3,2000478,2000478,1
2021-05-16 17:22:14,81.3,2000478,2000478,1
2021-05-16 17:22:15,80.3,2000531,2000531,1
2021-05-16 17:22:16,82.3,2000478,2000478,1
2021-05-16 17:22:17,82.7,1333705,1333705,1
2021-05-16 17:22:18,81.8,2000478,2000478,1
2021-05-16 17:22:20,81.8,2000531,2000531,1
2021-05-16 17:22:21,81.8,2000478,2000478,1
2021-05-16 17:22:22,82.7,1333705,1333705,1
2021-05-16 17:22:23,81.8,2000478,2000478,1
2021-05-16 17:22:24,81.8,2000531,2000531,1
2021-05-16 17:22:26,82.7,1333705,1333705,1
2021-05-16 17:22:27,82.7,1333705,1333705,1
2021-05-16 17:22:28,82.3,1333652,1333652,1
2021-05-16 17:22:29,82.3,2000478,2000478,1
2021-05-16 17:22:30,82.3,1333652,1333652,1
2021-05-16 17:22:32,81.8,2000478,2000478,1
2021-05-16 17:22:33,81.8,2000478,2000478,1
2021-05-16 17:22:34,82.3,1333652,1333652,1
2021-05-16 17:22:35,82.3,1333652,1333652,1
2021-05-16 17:22:36,81.8,2000478,2000478,1
2021-05-16 17:22:37,82.7,1333652,1333652,1
2021-05-16 17:22:39,80.8,2000478,2000478,1
2021-05-16 17:22:40,81.8,2000531,2000531,1
2021-05-16 17:22:41,80.3,2000478,2000478,1
2021-05-16 17:22:42,81.3,2000478,2000478,1
2021-05-16 17:22:44,80.8,2000531,2000531,1
2021-05-16 17:22:45,82.7,1333652,1333652,1
2021-05-16 17:22:46,81.8,2000531,2000531,1
2021-05-16 17:22:47,82.7,1333652,1333652,1
2021-05-16 17:22:48,81.8,1333652,1333652,1
2021-05-16 17:22:49,81.8,1333705,1333705,1
2021-05-16 17:22:51,82.3,1333652,1333652,1
2021-05-16 17:22:52,82.7,2000531,2000531,1
2021-05-16 17:22:53,81.8,2000478,2000478,1
2021-05-16 17:22:54,82.3,1333652,1333652,1
2021-05-16 17:22:55,81.8,2000478,2000478,1
2021-05-16 17:22:56,81.3,2000478,2000478,1
2021-05-16 17:22:58,81.8,2000478,2000478,1
2021-05-16 17:22:59,81.8,2000531,2000531,1
2021-05-16 17:23:00,82.3,2000478,2000478,1
2021-05-16 17:23:01,82.3,2000478,2000478,1
2021-05-16 17:23:02,81.8,2000478,2000478,1
2021-05-16 17:23:04,82.3,2000531,2000531,1
2021-05-16 17:23:05,82.7,2000478,2000478,1
2021-05-16 17:23:06,81.8,2000478,2000478,1
2021-05-16 17:23:07,81.3,2000478,2000478,1
2021-05-16 17:23:08,80.3,2000478,2000478,1
2021-05-16 17:23:10,80.3,2000478,2000478,1
2021-05-16 17:23:11,82.3,2000531,2000531,1
2021-05-16 17:23:12,81.3,2000478,2000478,1
2021-05-16 17:23:13,80.3,2000478,2000478,1
2021-05-16 17:23:14,82.3,2000478,2000478,1
2021-05-16 17:23:15,82.3,2000531,2000531,1
2021-05-16 17:23:17,81.3,2000478,2000478,1
2021-05-16 17:23:18,81.8,1333652,1333652,1
2021-05-16 17:23:19,81.8,1333705,1333705,1
2021-05-16 17:23:20,81.8,2000478,2000478,1
2021-05-16 17:23:21,80.8,2000478,2000478,1
2021-05-16 17:23:23,81.8,2000478,2000478,1
2021-05-16 17:23:24,81.8,2000531,2000531,1
2021-05-16 17:23:25,81.8,1333705,1333705,1
2021-05-16 17:23:26,82.3,1333652,1333652,1
2021-05-16 17:23:27,82.3,2000478,2000478,1
2021-05-16 17:23:29,81.3,2000478,2000478,1
2021-05-16 17:23:30,81.3,2000531,2000531,1
2021-05-16 17:23:31,81.3,2000478,2000478,1
2021-05-16 17:23:32,81.3,1333652,1333652,1
2021-05-16 17:23:33,80.8,2000478,2000478,1
2021-05-16 17:23:34,80.8,2000531,2000531,1
2021-05-16 17:23:36,81.8,2000478,2000478,1
2021-05-16 17:23:37,81.8,2000478,2000478,1
2021-05-16 17:23:38,81.8,2000478,2000478,1
2021-05-16 17:23:39,80.3,2000478,2000478,1
2021-05-16 17:23:40,81.3,2000478,2000478,1
2021-05-16 17:23:42,81.8,2000531,2000531,1
2021-05-16 17:23:43,80.8,2000478,2000478,1
2021-05-16 17:23:44,81.3,2000478,2000478,1
2021-05-16 17:23:45,81.8,2000478,2000478,1
2021-05-16 17:23:46,81.8,1333652,1333652,1
2021-05-16 17:23:48,81.3,2000478,2000478,1
2021-05-16 17:23:49,82.7,1333705,1333705,1
2021-05-16 17:23:50,81.8,1333705,1333705,1
2021-05-16 17:23:51,80.8,2000478,2000478,1
2021-05-16 17:23:52,81.3,2000478,2000478,1
2021-05-16 17:23:54,82.3,1333652,1333652,1
2021-05-16 17:23:55,81.3,2000478,2000478,1
2021-05-16 17:23:56,81.3,2000478,2000478,1
2021-05-16 17:23:57,81.8,1333652,1333652,1
2021-05-16 17:23:58,79.8,2000478,2000478,1
2021-05-16 17:23:59,81.8,1333652,1333652,1
2021-05-16 17:24:01,81.3,2000478,2000478,1
2021-05-16 17:24:02,83.2,1333652,1333652,1
2021-05-16 17:24:03,80.8,1333652,1333652,1
2021-05-16 17:24:04,80.8,2000478,2000478,1
2021-05-16 17:24:05,81.3,2000478,2000478,1
2021-05-16 17:24:07,81.3,2000478,2000478,1
2021-05-16 17:24:08,80.3,2000478,2000478,1
2021-05-16 17:24:09,82.3,2000478,2000478,1
2021-05-16 17:24:10,82.3,1333652,1333652,1
2021-05-16 17:24:11,80.8,1333652,1333652,1
2021-05-16 17:24:12,82.3,1333652,1333652,1
2021-05-16 17:24:14,81.3,2000478,2000478,1
2021-05-16 17:24:15,82.3,1333705,1333705,1
2021-05-16 17:24:16,80.3,2000478,2000478,1
2021-05-16 17:24:17,83.2,1333652,1333652,1
2021-05-16 17:24:18,81.3,2000478,2000478,1
2021-05-16 17:24:20,83.2,1333652,1333652,1
2021-05-16 17:24:21,80.8,2000531,2000531,1
2021-05-16 17:24:22,81.3,2000478,2000478,1
2021-05-16 17:24:23,80.8,2000531,2000531,1
2021-05-16 17:24:24,81.3,2000478,2000478,1
2021-05-16 17:24:25,81.3,2000478,2000478,1
2021-05-16 17:24:27,82.3,1333652,1333652,1
2021-05-16 17:24:28,81.3,2000478,2000478,1
2021-05-16 17:24:29,81.3,2000478,2000478,1
2021-05-16 17:24:30,80.3,2000478,2000478,1
2021-05-16 17:24:31,81.3,1333652,1333652,1
2021-05-16 17:24:33,80.8,2000478,2000478,1
2021-05-16 17:24:34,81.3,2000478,2000478,1
2021-05-16 17:24:35,82.3,1333652,1333652,1
2021-05-16 17:24:36,81.8,2000478,2000478,1
2021-05-16 17:24:37,81.8,2000478,2000478,1
2021-05-16 17:24:39,81.3,2000478,2000478,1
2021-05-16 17:24:40,81.3,1333652,1333652,1
2021-05-16 17:24:41,81.3,2000531,2000531,1
2021-05-16 17:24:42,80.8,2000531,2000531,1
2021-05-16 17:24:43,82.3,1333652,1333652,1
2021-05-16 17:24:44,81.3,1333652,1333652,1
2021-05-16 17:24:46,83.2,2000478,2000478,1
2021-05-16 17:24:47,81.8,2000531,2000531,1
2021-05-16 17:24:48,81.8,2000478,2000478,1
2021-05-16 17:24:49,81.8,2000478,2000478,1
2021-05-16 17:24:50,81.8,2000478,2000478,1
2021-05-16 17:24:52,81.8,1333652,1333652,1
2021-05-16 17:24:53,81.3,2000531,2000531,1
2021-05-16 17:24:54,82.7,2000531,2000531,1
2021-05-16 17:24:55,81.8,1333652,1333652,1
2021-05-16 17:24:56,81.3,2000478,2000478,1
2021-05-16 17:24:57,81.3,2000478,2000478,1
2021-05-16 17:24:59,80.8,2000478,2000478,1
2021-05-16 17:25:00,80.3,2000478,2000478,1
2021-05-16 17:25:01,81.8,1333652,1333652,1
2021-05-16 17:25:02,81.3,2000531,2000531,1
2021-05-16 17:25:03,81.8,2000478,2000478,1
2021-05-16 17:25:05,80.8,2000478,2000478,1
2021-05-16 17:25:06,81.8,2000478,2000478,1
2021-05-16 17:25:07,81.8,2000478,2000478,1
2021-05-16 17:25:08,82.3,2000478,2000478,1
2021-05-16 17:25:09,81.3,2000478,2000478,1
2021-05-16 17:25:10,81.3,2000478,2000478,1
2021-05-16 17:25:12,81.8,2000478,2000478,1
2021-05-16 17:25:13,82.3,2000531,2000531,1
2021-05-16 17:25:14,81.8,2000478,2000478,1
2021-05-16 17:25:15,80.8,2000478,2000478,1
2021-05-16 17:25:16,82.3,1333652,1333652,1
2021-05-16 17:25:18,81.3,2000478,2000478,1
2021-05-16 17:25:19,81.3,2000478,2000478,1
2021-05-16 17:25:20,81.3,2000478,2000478,1
2021-05-16 17:25:21,82.7,1333652,1333652,1
2021-05-16 17:25:22,81.3,2000478,2000478,1
2021-05-16 17:25:24,80.8,2000478,2000478,1
2021-05-16 17:25:25,81.3,1333705,1333705,1
2021-05-16 17:25:26,81.3,2000531,2000531,1
2021-05-16 17:25:27,80.8,2000478,2000478,1
2021-05-16 17:25:28,81.3,1333652,1333652,1
2021-05-16 17:25:30,81.3,1333652,1333652,1
2021-05-16 17:25:31,80.8,2000531,2000531,1
2021-05-16 17:25:32,80.8,2000478,2000478,1
2021-05-16 17:25:33,80.8,2000478,2000478,1
2021-05-16 17:25:34,82.7,2000478,2000478,1
2021-05-16 17:25:36,81.3,2000478,2000478,1
2021-05-16 17:25:37,81.8,2000531,2000531,1
2021-05-16 17:25:38,80.8,2000478,2000478,1
2021-05-16 17:25:39,82.3,2000478,2000478,1
2021-05-16 17:25:40,80.8,2000478,2000478,1
2021-05-16 17:25:41,80.8,2000478,2000478,1
2021-05-16 17:25:43,82.3,2000478,2000478,1
2021-05-16 17:25:44,81.3,2000478,2000478,1
2021-05-16 17:25:45,81.8,2000478,2000478,1
2021-05-16 17:25:46,81.8,2000478,2000478,1
2021-05-16 17:25:47,82.7,1333652,1333652,1
2021-05-16 17:25:49,81.8,2000478,2000478,1
2021-05-16 17:25:50,81.3,1333652,1333652,1
2021-05-16 17:25:51,80.8,2000531,2000531,1
2021-05-16 17:25:52,79.8,2000478,2000478,1
2021-05-16 17:25:53,81.3,2000478,2000478,1
2021-05-16 17:25:55,81.8,2000478,2000478,1
2021-05-16 17:25:56,82.3,1333652,1333652,1
2021-05-16 17:25:57,81.8,1333652,1333652,1
2021-05-16 17:25:58,82.3,2000478,2000478,1
2021-05-16 17:25:59,80.3,2000531,2000531,1
2021-05-16 17:26:00,81.3,1333652,1333652,1
2021-05-16 17:26:02,79.8,2000478,2000478,1
2021-05-16 17:26:03,81.3,2000478,2000478,1
2021-05-16 17:26:04,81.8,2000478,2000478,1
2021-05-16 17:26:05,80.3,2000478,2000478,1
2021-05-16 17:26:06,81.3,2000478,2000478,1
2021-05-16 17:26:08,81.8,2000478,2000478,1
2021-05-16 17:26:09,80.8,2000531,2000531,1
2021-05-16 17:26:10,81.3,2000478,2000478,1
2021-05-16 17:26:11,79.8,2000531,2000531,1
2021-05-16 17:26:12,81.3,2000478,2000478,1
2021-05-16 17:26:14,81.8,2000531,2000531,1
2021-05-16 17:26:15,81.8,1333652,1333652,1
2021-05-16 17:26:16,82.3,1333652,1333652,1
2021-05-16 17:26:17,80.8,1333652,1333652,1
2021-05-16 17:26:18,81.3,2000478,2000478,1
2021-05-16 17:26:20,81.3,2000478,2000478,1
2021-05-16 17:26:21,81.3,2000478,2000478,1
2021-05-16 17:26:22,81.8,1333652,1333652,1
2021-05-16 17:26:23,82.3,1333652,1333652,1
2021-05-16 17:26:24,81.3,2000478,2000478,1
2021-05-16 17:26:26,82.7,2000531,2000531,1
2021-05-16 17:26:27,82.3,2000531,2000531,1
2021-05-16 17:26:28,80.8,1333652,1333652,1
2021-05-16 17:26:29,81.3,2000531,2000531,1
2021-05-16 17:26:30,81.3,2000478,2000478,1
2021-05-16 17:26:31,81.8,2000531,2000531,1
2021-05-16 17:26:33,81.3,2000478,2000478,1
2021-05-16 17:26:34,81.8,2000478,2000478,1
2021-05-16 17:26:35,80.8,2000478,2000478,1
2021-05-16 17:26:36,81.8,2000478,2000478,1
2021-05-16 17:26:37,82.3,1333652,1333652,1
2021-05-16 17:26:39,80.8,2000478,2000478,1
2021-05-16 17:26:40,81.3,2000531,2000531,1
2021-05-16 17:26:41,82.3,1333652,1333652,1
2021-05-16 17:26:42,82.3,2000478,2000478,1
2021-05-16 17:26:43,82.7,1333652,1333652,1
2021-05-16 17:26:44,82.3,2000478,2000478,1
2021-05-16 17:26:46,82.7,1333652,1333652,1
2021-05-16 17:26:47,81.8,2000478,2000478,1
2021-05-16 17:26:48,80.3,2000478,2000478,1
2021-05-16 17:26:49,82.3,2000478,2000478,1
2021-05-16 17:26:50,81.3,2000478,2000478,1
2021-05-16 17:26:51,82.7,2000531,2000531,1
2021-05-16 17:26:53,82.3,1333652,1333652,1
2021-05-16 17:26:54,83.2,2000478,2000478,1
2021-05-16 17:26:55,81.3,1333652,1333652,1
2021-05-16 17:26:56,81.3,2000478,2000478,1
2021-05-16 17:26:57,80.3,2000478,2000478,1
2021-05-16 17:26:58,81.8,1333652,1333652,1
2021-05-16 17:27:00,81.3,2000478,2000478,1
2021-05-16 17:27:01,80.8,2000478,2000478,1
2021-05-16 17:27:02,80.8,2000531,2000531,1
2021-05-16 17:27:03,82.7,2000478,2000478,1
2021-05-16 17:27:04,80.8,2000478,2000478,1
2021-05-16 17:27:06,81.3,2000478,2000478,1
2021-05-16 17:27:07,82.3,2000478,2000478,1
2021-05-16 17:27:08,82.3,2000478,2000478,1
2021-05-16 17:27:09,81.3,2000478,2000478,1
2021-05-16 17:27:10,82.3,2000478,2000478,1
2021-05-16 17:27:12,81.8,2000531,2000531,1
2021-05-16 17:27:13,82.7,2000531,2000531,1
2021-05-16 17:27:14,81.3,2000478,2000478,1
2021-05-16 17:27:15,81.3,2000531,2000531,1
2021-05-16 17:27:16,81.8,2000478,2000478,1
2021-05-16 17:27:17,82.7,1333652,1333652,1
2021-05-16 17:27:19,80.3,2000478,2000478,1
2021-05-16 17:27:20,81.8,2000478,2000478,1
2021-05-16 17:27:21,81.8,2000478,2000478,1
2021-05-16 17:27:22,81.8,2000478,2000478,1
2021-05-16 17:27:23,81.3,1333652,1333652,1
2021-05-16 17:27:25,80.8,1333652,1333652,1
2021-05-16 17:27:26,81.3,2000478,2000478,1
2021-05-16 17:27:27,82.3,1333705,1333705,1
2021-05-16 17:27:28,82.3,2000478,2000478,1
2021-05-16 17:27:29,83.2,2000478,2000478,1
2021-05-16 17:27:30,83.2,1333652,1333652,1
2021-05-16 17:27:32,82.3,1333652,1333652,1
2021-05-16 17:27:33,81.3,2000478,2000478,1
2021-05-16 17:27:34,81.3,2000478,2000478,1
2021-05-16 17:27:35,80.8,1333652,1333652,1
2021-05-16 17:27:36,82.7,1333705,1333705,1
2021-05-16 17:27:38,83.2,2000478,2000478,1
2021-05-16 17:27:39,81.8,2000478,2000478,1
2021-05-16 17:27:40,81.8,1333652,1333652,1
2021-05-16 17:27:41,82.7,1333705,1333705,1
2021-05-16 17:27:42,82.7,1333652,1333652,1
2021-05-16 17:27:44,80.3,2000478,2000478,1
2021-05-16 17:27:45,80.8,2000478,2000478,1
2021-05-16 17:27:46,82.7,1333652,1333652,1
2021-05-16 17:27:47,81.3,2000478,2000478,1
2021-05-16 17:27:48,81.3,2000478,2000478,1
2021-05-16 17:27:49,81.8,2000531,2000531,1
2021-05-16 17:27:51,80.8,2000531,2000531,1
2021-05-16 17:27:52,81.8,2000478,2000478,1
2021-05-16 17:27:53,82.7,2000478,2000478,1
2021-05-16 17:27:54,81.3,1333652,1333652,1
2021-05-16 17:27:55,82.3,2000478,2000478,1
2021-05-16 17:27:57,80.8,2000478,2000478,1
2021-05-16 17:27:58,82.3,1333652,1333652,1
2021-05-16 17:27:59,82.3,1333705,1333705,1
2021-05-16 17:28:00,82.3,2000478,2000478,1
2021-05-16 17:28:01,82.3,1333652,1333652,1
2021-05-16 17:28:03,82.7,1333652,1333652,1
2021-05-16 17:28:04,82.3,1333705,1333705,1
2021-05-16 17:28:05,82.3,2000478,2000478,1
2021-05-16 17:28:06,82.3,2000478,2000478,1
2021-05-16 17:28:07,81.8,1333705,1333705,1
2021-05-16 17:28:09,82.7,1333652,1333652,1
2021-05-16 17:28:10,81.3,2000478,2000478,1
2021-05-16 17:28:11,82.7,2000478,2000478,1
2021-05-16 17:28:12,81.3,2000478,2000478,1
2021-05-16 17:28:13,80.3,1333652,1333652,1
2021-05-16 17:28:15,80.8,2000531,2000531,1
2021-05-16 17:28:16,82.3,1333705,1333705,1
2021-05-16 17:28:17,81.3,2000478,2000478,1
2021-05-16 17:28:18,81.8,2000478,2000478,1
2021-05-16 17:28:19,80.8,2000478,2000478,1
2021-05-16 17:28:21,81.3,2000478,2000478,1
2021-05-16 17:28:22,81.8,1333652,1333652,1
2021-05-16 17:28:23,81.8,1333652,1333652,1
2021-05-16 17:28:24,81.8,2000478,2000478,1
2021-05-16 17:28:25,80.8,2000478,2000478,1
2021-05-16 17:28:26,81.8,1333652,1333652,1
2021-05-16 17:28:28,80.8,2000478,2000478,1
2021-05-16 17:28:29,81.3,2000478,2000478,1
2021-05-16 17:28:30,82.3,2000478,2000478,1
2021-05-16 17:28:31,82.3,2000478,2000478,1
2021-05-16 17:28:32,81.8,1333652,1333652,1
2021-05-16 17:28:34,81.8,2000478,2000478,1
2021-05-16 17:28:35,82.3,1333652,1333652,1
2021-05-16 17:28:36,82.3,2000478,2000478,1
2021-05-16 17:28:37,81.3,2000478,2000478,1
2021-05-16 17:28:38,81.8,2000478,2000478,1
2021-05-16 17:28:40,81.3,2000478,2000478,1
2021-05-16 17:28:41,82.3,1333652,1333652,1
2021-05-16 17:28:42,81.8,1333652,1333652,1
2021-05-16 17:28:43,82.7,2000478,2000478,1
2021-05-16 17:28:44,81.8,1333652,1333652,1
2021-05-16 17:28:46,83.2,2000478,2000478,1
2021-05-16 17:28:47,83.2,1333652,1333652,1
2021-05-16 17:28:48,81.8,2000478,2000478,1
2021-05-16 17:28:49,81.8,2000478,2000478,1
2021-05-16 17:28:50,81.8,2000478,2000478,1
2021-05-16 17:28:51,82.3,2000478,2000478,1
2021-05-16 17:28:53,81.8,1333652,1333652,1
2021-05-16 17:28:54,81.3,2000478,2000478,1
2021-05-16 17:28:55,81.8,1333652,1333652,1
2021-05-16 17:28:56,81.3,2000531,2000531,1
2021-05-16 17:28:58,81.3,2000478,2000478,1
2021-05-16 17:28:59,80.3,2000531,2000531,1
2021-05-16 17:29:00,82.3,2000478,2000478,1
2021-05-16 17:29:01,81.8,2000531,2000531,1
2021-05-16 17:29:02,81.8,2000478,2000478,1
2021-05-16 17:29:03,80.8,2000478,2000478,1
2021-05-16 17:29:05,81.3,1333652,1333652,1
2021-05-16 17:29:06,82.7,1333652,1333652,1
2021-05-16 17:29:07,81.8,2000478,2000478,1
2021-05-16 17:29:08,81.8,2000478,2000478,1
2021-05-16 17:29:09,81.8,1333652,1333652,1
2021-05-16 17:29:11,80.8,2000478,2000478,1
2021-05-16 17:29:12,81.3,2000531,2000531,1
2021-05-16 17:29:13,81.8,1333652,1333652,1
2021-05-16 17:29:14,82.3,2000531,2000531,1
2021-05-16 17:29:15,81.3,2000478,2000478,1
2021-05-16 17:29:17,82.7,1333705,1333705,1
2021-05-16 17:29:18,82.7,1333652,1333652,1
2021-05-16 17:29:19,82.7,1333652,1333652,1
2021-05-16 17:29:20,82.7,2000478,2000478,1
2021-05-16 17:29:21,81.3,2000478,2000478,1
2021-05-16 17:29:23,81.3,2000478,2000478,1
2021-05-16 17:29:24,80.3,2000531,2000531,1
2021-05-16 17:29:25,82.3,2000478,2000478,1
2021-05-16 17:29:26,81.3,2000478,2000478,1
2021-05-16 17:29:27,81.8,1333705,1333705,1
2021-05-16 17:29:29,81.3,2000531,2000531,1
2021-05-16 17:29:30,83.2,1333652,1333652,1
2021-05-16 17:29:31,81.3,2000478,2000478,1
2021-05-16 17:29:32,82.3,2000478,2000478,1
2021-05-16 17:29:33,81.8,2000478,2000478,1
2021-05-16 17:29:35,81.8,2000531,2000531,1
2021-05-16 17:29:36,82.7,1333652,1333652,1
2021-05-16 17:29:37,80.8,2000531,2000531,1
2021-05-16 17:29:38,81.3,2000478,2000478,1
2021-05-16 17:29:39,81.8,2000531,2000531,1
2021-05-16 17:29:41,83.2,2000478,2000478,1
2021-05-16 17:29:42,81.3,2000478,2000478,1
2021-05-16 17:29:43,81.3,2000531,2000531,1
2021-05-16 17:29:44,82.3,1333705,1333705,1
2021-05-16 17:29:45,79.8,2000478,2000478,1
2021-05-16 17:29:46,82.3,2000478,2000478,1
2021-05-16 17:29:48,81.8,1333652,1333652,1
2021-05-16 17:29:49,82.3,1333652,1333652,1
2021-05-16 17:29:50,82.7,2000478,2000478,1
2021-05-16 17:29:51,81.3,2000478,2000478,1
2021-05-16 17:29:52,81.8,2000478,2000478,1
2021-05-16 17:29:54,83.2,1333652,1333652,1
2021-05-16 17:29:55,82.3,1333652,1333652,1
2021-05-16 17:29:56,82.7,2000478,2000478,1
2021-05-16 17:29:57,80.8,2000478,2000478,1
2021-05-16 17:29:58,80.8,2000478,2000478,1
2021-05-16 17:29:59,81.8,2000478,2000478,1
2021-05-16 17:30:01,80.8,2000478,2000478,1
2021-05-16 17:30:02,82.7,1333652,1333652,1
2021-05-16 17:30:03,82.3,1333652,1333652,1
2021-05-16 17:30:04,82.3,1333652,1333652,1
2021-05-16 17:30:05,82.3,1333652,1333652,1
2021-05-16 17:30:07,81.3,2000478,2000478,1
2021-05-16 17:30:08,82.3,1333652,1333652,1
2021-05-16 17:30:09,81.8,1333652,1333652,1
2021-05-16 17:30:10,82.7,1333652,1333652,1
2021-05-16 17:30:11,81.3,2000478,2000478,1
2021-05-16 17:30:13,81.8,2000478,2000478,1
2021-05-16 17:30:14,81.8,2000478,2000478,1
2021-05-16 17:30:15,81.3,2000478,2000478,1
2021-05-16 17:30:16,82.7,2000478,2000478,1
2021-05-16 17:30:17,82.3,2000478,2000478,1
2021-05-16 17:30:19,82.3,2000478,2000478,1
2021-05-16 17:30:20,81.3,1333652,1333652,1
2021-05-16 17:30:21,81.8,2000478,2000478,1
2021-05-16 17:30:22,81.8,2000531,2000531,1
2021-05-16 17:30:23,82.7,2000478,2000478,1
2021-05-16 17:30:24,81.8,2000478,2000478,1
2021-05-16 17:30:26,81.3,1333652,1333652,1
2021-05-16 17:30:27,81.8,2000478,2000478,1
2021-05-16 17:30:28,82.3,2000478,2000478,1
2021-05-16 17:30:29,81.8,2000478,2000478,1
2021-05-16 17:30:30,81.8,2000531,2000531,1
2021-05-16 17:30:32,81.8,1333652,1333652,1
2021-05-16 17:30:33,81.8,2000531,2000531,1
2021-05-16 17:30:34,81.3,2000478,2000478,1
2021-05-16 17:30:35,81.3,2000478,2000478,1
2021-05-16 17:30:36,81.8,1333652,1333652,1
2021-05-16 17:30:37,81.3,2000478,2000478,1
2021-05-16 17:30:39,81.3,2000478,2000478,1
2021-05-16 17:30:40,81.3,1333652,1333652,1
2021-05-16 17:30:41,81.3,2000531,2000531,1
2021-05-16 17:30:42,80.8,2000478,2000478,1
2021-05-16 17:30:43,82.7,2000478,2000478,1
2021-05-16 17:30:45,82.3,1333652,1333652,1
2021-05-16 17:30:46,82.3,1333652,1333652,1
2021-05-16 17:30:47,81.8,2000478,2000478,1
2021-05-16 17:30:48,81.8,1333652,1333652,1
2021-05-16 17:30:49,81.3,2000478,2000478,1
2021-05-16 17:30:51,82.3,1333652,1333652,1
2021-05-16 17:30:52,80.8,2000531,2000531,1
2021-05-16 17:30:53,82.7,1333652,1333652,1
2021-05-16 17:30:54,80.8,2000531,2000531,1
2021-05-16 17:30:55,81.3,2000478,2000478,1
2021-05-16 17:30:57,83.2,1333705,1333705,1
2021-05-16 17:30:58,82.3,2000478,2000478,1
2021-05-16 17:30:59,81.8,1333652,1333652,1
2021-05-16 17:31:00,82.3,1333652,1333652,1
2021-05-16 17:31:01,81.8,2000478,2000478,1
2021-05-16 17:31:02,81.3,2000478,2000478,1
2021-05-16 17:31:04,82.3,1333652,1333652,1
2021-05-16 17:31:05,81.3,2000478,2000478,1
2021-05-16 17:31:06,82.3,2000478,2000478,1
2021-05-16 17:31:07,82.3,1333652,1333652,1
2021-05-16 17:31:08,80.8,2000478,2000478,1
2021-05-16 17:31:10,83.2,1333652,1333652,1
2021-05-16 17:31:11,82.3,1333652,1333652,1
2021-05-16 17:31:12,81.8,2000531,2000531,1
2021-05-16 17:31:13,82.3,1333652,1333652,1
2021-05-16 17:31:14,81.8,1333652,1333652,1
2021-05-16 17:31:16,81.8,2000478,2000478,1
2021-05-16 17:31:17,82.3,1333652,1333652,1
2021-05-16 17:31:18,80.8,2000478,2000478,1
2021-05-16 17:31:19,81.3,2000478,2000478,1
2021-05-16 17:31:20,83.2,2000478,2000478,1
2021-05-16 17:31:21,81.8,2000531,2000531,1
2021-05-16 17:31:23,83.2,1333652,1333652,1
2021-05-16 17:31:24,82.3,1333652,1333652,1
2021-05-16 17:31:25,82.7,2000531,2000531,1
2021-05-16 17:31:26,82.7,1333652,1333652,1
2021-05-16 17:31:27,81.8,1333705,1333705,1
2021-05-16 17:31:29,83.2,1333652,1333652,1
2021-05-16 17:31:30,81.8,2000531,2000531,1
2021-05-16 17:31:31,80.8,2000478,2000478,1
2021-05-16 17:31:32,82.3,1333652,1333652,1
2021-05-16 17:31:33,81.8,2000478,2000478,1
2021-05-16 17:31:35,82.7,1333652,1333652,1
2021-05-16 17:31:36,81.3,1333652,1333652,1
2021-05-16 17:31:37,81.8,2000478,2000478,1
2021-05-16 17:31:38,83.2,1333652,1333652,1
2021-05-16 17:31:39,81.3,2000478,2000478,1
2021-05-16 17:31:41,82.3,2000478,2000478,1
2021-05-16 17:31:42,82.3,1333652,1333652,1
2021-05-16 17:31:43,82.3,1333652,1333652,1
2021-05-16 17:31:44,82.7,2000478,2000478,1
2021-05-16 17:31:45,81.8,2000478,2000478,1
2021-05-16 17:31:47,81.8,2000531,2000531,1
2021-05-16 17:31:48,81.8,2000478,2000478,1
2021-05-16 17:31:49,81.8,2000478,2000478,1
2021-05-16 17:31:50,81.3,1333705,1333705,1
2021-05-16 17:31:51,82.3,2000478,2000478,1
2021-05-16 17:31:52,81.8,2000478,2000478,1
2021-05-16 17:31:54,81.8,2000478,2000478,1
2021-05-16 17:31:55,81.8,1333652,1333652,1
2021-05-16 17:31:56,82.3,1333652,1333652,1
2021-05-16 17:31:57,81.3,2000531,2000531,1
2021-05-16 17:31:58,81.8,2000531,2000531,1
2021-05-16 17:32:00,82.3,1333652,1333652,1
2021-05-16 17:32:01,82.3,2000478,2000478,1
2021-05-16 17:32:02,82.3,1333652,1333652,1
2021-05-16 17:32:03,81.3,2000531,2000531,1
2021-05-16 17:32:04,82.3,1333652,1333652,1
2021-05-16 17:32:05,81.8,2000478,2000478,1
2021-05-16 17:32:07,82.7,1333652,1333652,1
2021-05-16 17:32:08,81.3,2000478,2000478,1
2021-05-16 17:32:09,82.3,2000531,2000531,1
2021-05-16 17:32:10,81.3,2000478,2000478,1
2021-05-16 17:32:11,81.8,2000478,2000478,1
2021-05-16 17:32:13,81.8,2000531,2000531,1
2021-05-16 17:32:14,81.8,2000478,2000478,1
2021-05-16 17:32:15,82.7,2000531,2000531,1
2021-05-16 17:32:16,80.8,2000478,2000478,1
2021-05-16 17:32:17,80.8,1333652,1333652,1
2021-05-16 17:32:19,82.3,1333705,1333705,1
2021-05-16 17:32:20,82.3,2000478,2000478,1
2021-05-16 17:32:21,81.8,2000478,2000478,1
2021-05-16 17:32:22,81.8,2000478,2000478,1
2021-05-16 17:32:23,80.8,2000478,2000478,1
2021-05-16 17:32:25,82.3,1333652,1333652,1
2021-05-16 17:32:26,81.3,2000478,2000478,1
2021-05-16 17:32:27,81.3,2000531,2000531,1
2021-05-16 17:32:28,81.8,2000478,2000478,1
2021-05-16 17:32:29,81.3,2000531,2000531,1
2021-05-16 17:32:30,81.3,2000478,2000478,1
2021-05-16 17:32:32,81.3,2000531,2000531,1
2021-05-16 17:32:33,81.3,1333652,1333652,1
2021-05-16 17:32:34,83.7,1333652,1333652,1
2021-05-16 17:32:35,82.3,2000531,2000531,1
2021-05-16 17:32:36,81.8,1333652,1333652,1
2021-05-16 17:32:38,82.7,1333652,1333652,1
2021-05-16 17:32:39,81.8,2000531,2000531,1
2021-05-16 17:32:40,81.8,2000478,2000478,1
2021-05-16 17:32:41,81.3,2000478,2000478,1
2021-05-16 17:32:42,83.2,1333652,1333652,1
2021-05-16 17:32:44,82.7,2000478,2000478,1
2021-05-16 17:32:45,82.7,1333652,1333652,1
2021-05-16 17:32:46,80.8,2000478,2000478,1
2021-05-16 17:32:47,80.8,2000531,2000531,1
2021-05-16 17:32:48,82.3,2000478,2000478,1
2021-05-16 17:32:50,82.7,1333652,1333652,1
2021-05-16 17:32:51,81.3,2000478,2000478,1
2021-05-16 17:32:52,83.2,1333652,1333652,1
2021-05-16 17:32:53,82.3,2000531,2000531,1
2021-05-16 17:32:54,81.8,2000478,2000478,1
2021-05-16 17:32:56,82.7,1333652,1333652,1
2021-05-16 17:32:57,81.3,2000478,2000478,1
2021-05-16 17:32:58,81.8,2000478,2000478,1
2021-05-16 17:32:59,81.8,2000478,2000478,1
2021-05-16 17:33:00,80.8,2000478,2000478,1
2021-05-16 17:33:02,81.3,2000478,2000478,1
2021-05-16 17:33:03,81.3,2000478,2000478,1
2021-05-16 17:33:04,81.8,2000478,2000478,1
2021-05-16 17:33:05,81.8,1333652,1333652,1
2021-05-16 17:33:06,80.3,2000478,2000478,1
2021-05-16 17:33:07,82.3,1333652,1333652,1
2021-05-16 17:33:09,80.8,2000478,2000478,1
2021-05-16 17:33:10,82.3,1333652,1333652,1
2021-05-16 17:33:11,81.8,2000478,2000478,1
2021-05-16 17:33:12,81.8,1333652,1333652,1
2021-05-16 17:33:13,81.8,2000478,2000478,1
2021-05-16 17:33:15,82.7,2000531,2000531,1
2021-05-16 17:33:16,82.3,1333652,1333652,1
2021-05-16 17:33:17,82.7,1333652,1333652,1
2021-05-16 17:33:18,81.8,2000478,2000478,1
2021-05-16 17:33:19,81.8,1333705,1333705,1
2021-05-16 17:33:21,81.8,2000478,2000478,1
2021-05-16 17:33:22,81.3,2000531,2000531,1
2021-05-16 17:33:23,81.8,2000478,2000478,1
2021-05-16 17:33:24,81.8,2000531,2000531,1
2021-05-16 17:33:25,81.3,1333652,1333652,1
2021-05-16 17:33:26,82.3,2000478,2000478,1
2021-05-16 17:33:28,80.8,1333652,1333652,1
2021-05-16 17:33:29,81.8,2000478,2000478,1
2021-05-16 17:33:30,82.3,1333652,1333652,1
2021-05-16 17:33:31,82.3,2000478,2000478,1
2021-05-16 17:33:32,81.8,2000478,2000478,1
2021-05-16 17:33:33,81.8,2000478,2000478,1
2021-05-16 17:33:35,82.3,2000478,2000478,1
2021-05-16 17:33:36,81.8,2000478,2000478,1
2021-05-16 17:33:37,82.3,1333652,1333652,1
2021-05-16 17:33:38,83.7,1333652,1333652,1
2021-05-16 17:33:39,82.3,1333652,1333652,1
2021-05-16 17:33:41,79.8,2000478,2000478,1
2021-05-16 17:33:42,81.3,2000478,2000478,1
2021-05-16 17:33:43,83.2,2000531,2000531,1
2021-05-16 17:33:44,81.3,2000478,2000478,1
2021-05-16 17:33:45,82.3,1333652,1333652,1
2021-05-16 17:33:47,81.8,2000478,2000478,1
2021-05-16 17:33:48,80.8,2000478,2000478,1
2021-05-16 17:33:49,81.8,2000478,2000478,1
2021-05-16 17:33:50,81.3,2000478,2000478,1
2021-05-16 17:33:51,82.3,1333652,1333652,1
2021-05-16 17:33:52,81.8,2000478,2000478,1
2021-05-16 17:33:54,81.8,2000478,2000478,1
2021-05-16 17:33:55,82.7,1333652,1333652,1
2021-05-16 17:33:56,82.3,2000478,2000478,1
2021-05-16 17:33:57,82.3,2000478,2000478,1
2021-05-16 17:33:58,81.8,1333652,1333652,1
2021-05-16 17:34:00,81.3,2000531,2000531,1
2021-05-16 17:34:01,81.3,1333652,1333652,1
2021-05-16 17:34:02,81.8,2000478,2000478,1
2021-05-16 17:34:03,82.3,1333652,1333652,1
2021-05-16 17:34:04,81.8,2000478,2000478,1
2021-05-16 17:34:05,80.8,2000478,2000478,1
2021-05-16 17:34:07,81.3,2000531,2000531,1
2021-05-16 17:34:08,80.8,2000531,2000531,1
2021-05-16 17:34:09,82.7,2000478,2000478,1
2021-05-16 17:34:10,81.8,2000478,2000478,1
2021-05-16 17:34:11,82.3,2000531,2000531,1
2021-05-16 17:34:13,81.3,2000531,2000531,1
2021-05-16 17:34:14,81.8,1333652,1333652,1
2021-05-16 17:34:15,82.7,2000478,2000478,1
2021-05-16 17:34:16,81.8,2000531,2000531,1
2021-05-16 17:34:17,81.8,2000478,2000478,1
2021-05-16 17:34:19,81.8,2000478,2000478,1
2021-05-16 17:34:20,82.7,2000478,2000478,1
2021-05-16 17:34:21,82.7,1333652,1333652,1
2021-05-16 17:34:22,82.3,2000478,2000478,1
2021-05-16 17:34:23,82.7,1333705,1333705,1
2021-05-16 17:34:25,80.8,2000478,2000478,1
2021-05-16 17:34:26,82.7,2000478,2000478,1
2021-05-16 17:34:27,82.3,1333652,1333652,1
2021-05-16 17:34:28,81.3,2000478,2000478,1
2021-05-16 17:34:29,81.3,2000531,2000531,1
2021-05-16 17:34:30,81.3,2000478,2000478,1
2021-05-16 17:34:32,82.3,2000478,2000478,1
2021-05-16 17:34:33,81.3,2000478,2000478,1
2021-05-16 17:34:34,80.8,2000478,2000478,1
2021-05-16 17:34:35,82.3,1333652,1333652,1
2021-05-16 17:34:36,82.3,1333652,1333652,1
2021-05-16 17:34:38,81.3,2000478,2000478,1
2021-05-16 17:34:39,81.3,2000478,2000478,1
2021-05-16 17:34:40,81.3,2000478,2000478,1
2021-05-16 17:34:41,81.8,1333705,1333705,1
2021-05-16 17:34:42,82.7,2000478,2000478,1
2021-05-16 17:34:44,82.7,1333705,1333705,1
2021-05-16 17:34:45,81.8,2000478,2000478,1
2021-05-16 17:34:46,82.3,2000478,2000478,1
2021-05-16 17:34:47,82.3,2000478,2000478,1
2021-05-16 17:34:48,81.8,2000478,2000478,1
2021-05-16 17:34:50,81.3,2000478,2000478,1
2021-05-16 17:34:51,81.8,1333652,1333652,1
2021-05-16 17:34:52,80.8,2000531,2000531,1
2021-05-16 17:34:53,81.8,1333652,1333652,1
2021-05-16 17:34:54,81.8,2000478,2000478,1
2021-05-16 17:34:56,81.8,2000478,2000478,1
2021-05-16 17:34:57,82.7,1333652,1333652,1
2021-05-16 17:34:58,80.8,2000478,2000478,1
2021-05-16 17:34:59,82.7,2000478,2000478,1
2021-05-16 17:35:00,81.8,2000531,2000531,1
2021-05-16 17:35:01,83.7,1333652,1333652,1
2021-05-16 17:35:03,81.8,2000478,2000478,1
2021-05-16 17:35:04,81.8,2000478,2000478,1
2021-05-16 17:35:05,83.2,1333652,1333652,1
2021-05-16 17:35:06,80.3,2000478,2000478,1
2021-05-16 17:35:07,81.8,2000531,2000531,1
2021-05-16 17:35:09,81.8,2000478,2000478,1
2021-05-16 17:35:10,81.8,1333652,1333652,1
2021-05-16 17:35:11,82.3,1333652,1333652,1
2021-05-16 17:35:12,82.3,2000478,2000478,1
2021-05-16 17:35:13,81.8,2000478,2000478,1
2021-05-16 17:35:15,82.3,1333652,1333652,1
2021-05-16 17:35:16,80.3,2000478,2000478,1
2021-05-16 17:35:17,81.3,2000531,2000531,1
2021-05-16 17:35:18,83.2,2000478,2000478,1
2021-05-16 17:35:19,81.8,1333652,1333652,1
2021-05-16 17:35:20,81.8,2000478,2000478,1
2021-05-16 17:35:22,83.2,1333705,1333705,1
2021-05-16 17:35:23,82.3,2000478,2000478,1
2021-05-16 17:35:24,82.3,2000478,2000478,1
2021-05-16 17:35:25,81.8,1333652,1333652,1
2021-05-16 17:35:26,81.3,2000478,2000478,1
2021-05-16 17:35:28,82.3,1333652,1333652,1
2021-05-16 17:35:29,81.8,2000478,2000478,1
2021-05-16 17:35:30,80.8,2000478,2000478,1
2021-05-16 17:35:31,82.7,1333652,1333652,1
2021-05-16 17:35:32,82.7,1333652,1333652,1
2021-05-16 17:35:34,83.2,2000478,2000478,1
2021-05-16 17:35:35,82.3,1333652,1333652,1
2021-05-16 17:35:36,81.8,2000478,2000478,1
2021-05-16 17:35:37,82.3,2000478,2000478,1
2021-05-16 17:35:38,82.7,2000478,2000478,1
2021-05-16 17:35:39,82.3,1333652,1333652,1
2021-05-16 17:35:41,82.7,1333705,1333705,1
2021-05-16 17:35:42,80.8,2000531,2000531,1
2021-05-16 17:35:43,81.3,2000478,2000478,1
2021-05-16 17:35:44,81.3,2000478,2000478,1
2021-05-16 17:35:45,80.8,2000531,2000531,1
2021-05-16 17:35:47,80.8,2000478,2000478,1
2021-05-16 17:35:48,81.8,2000478,2000478,1
2021-05-16 17:35:49,83.7,1333652,1333652,1
2021-05-16 17:35:50,83.7,1333652,1333652,1
2021-05-16 17:35:51,81.3,2000478,2000478,1
2021-05-16 17:35:53,83.2,1333652,1333652,1
2021-05-16 17:35:54,82.3,1333652,1333652,1
2021-05-16 17:35:55,81.8,2000478,2000478,1
2021-05-16 17:35:56,82.3,1333652,1333652,1
2021-05-16 17:35:57,83.2,2000531,2000531,1
2021-05-16 17:35:59,82.3,1333652,1333652,1
2021-05-16 17:36:00,82.3,2000478,2000478,1
2021-05-16 17:36:01,80.8,2000478,2000478,1
2021-05-16 17:36:02,83.2,1333652,1333652,1
2021-05-16 17:36:03,82.3,2000478,2000478,1
2021-05-16 17:36:05,80.8,1333652,1333652,1
2021-05-16 17:36:06,81.8,2000478,2000478,1
2021-05-16 17:36:07,75.0,700154,700154,1
2021-05-16 17:36:07,74.5,2000478,2000478,0
2021-05-16 17:36:08,71.1,600117,600117,0
2021-05-16 17:36:09,69.1,600117,600117,0
2021-05-16 17:36:10,68.6,800191,800191,0
2021-05-16 17:36:11,66.2,600169,600169,0
2021-05-16 17:36:12,65.2,600117,600117,0
2021-05-16 17:36:14,64.7,600117,600117,0
2021-05-16 17:36:15,64.7,900228,900228,0
2021-05-16 17:36:16,63.7,600169,600169,0
2021-05-16 17:36:17,64.2,600117,600117,0
2021-05-16 17:36:18,63.3,600169,600169,0
2021-05-16 17:36:19,62.3,600117,600117,0
2021-05-16 17:36:20,63.3,600117,600117,0
2021-05-16 17:36:21,61.8,600169,600169,0
2021-05-16 17:36:22,60.8,600117,600117,0
2021-05-16 17:36:23,60.3,600169,600169,0
2021-05-16 17:36:24,58.9,600169,600169,0
2021-05-16 17:36:25,59.4,600117,600117,0
2021-05-16 17:36:27,59.9,600117,600117,0
2021-05-16 17:36:28,58.9,600117,600117,0
2021-05-16 17:36:29,58.9,600169,600169,0
2021-05-16 17:36:30,57.9,800191,800191,0
2021-05-16 17:36:31,57.9,600117,600117,0
2021-05-16 17:36:32,57.9,600169,600169,0
2021-05-16 17:36:33,56.9,600117,600117,0
2021-05-16 17:36:34,56.0,700154,700154,0
2021-05-16 17:36:35,56.4,600169,600169,0
2021-05-16 17:36:36,56.0,600117,600117,0
2021-05-16 17:36:37,55.0,600169,600169,0
2021-05-16 17:36:39,56.4,600117,600117,0
2021-05-16 17:36:40,55.0,600117,600117,0
2021-05-16 17:36:41,54.0,600169,600169,0
2021-05-16 17:36:42,54.0,600169,600169,0
2021-05-16 17:36:43,55.0,600169,600169,0
2021-05-16 17:36:44,54.5,600169,600169,0
2021-05-16 17:36:45,53.5,600117,600117,0
2021-05-16 17:36:46,54.5,600169,600169,0
2021-05-16 17:36:47,53.0,700154,700154,0
2021-05-16 17:36:48,53.5,600117,600117,0
2021-05-16 17:36:49,53.0,600169,600169,0
2021-05-16 17:36:51,53.0,600169,600169,0
2021-05-16 17:36:52,53.0,600169,600169,0
2021-05-16 17:36:53,52.5,900228,900228,0
2021-05-16 17:36:54,52.1,600117,600117,0
2021-05-16 17:36:55,51.6,600169,600169,0
2021-05-16 17:36:56,52.1,600169,600169,0
2021-05-16 17:36:57,51.6,800191,800191,0
2021-05-16 17:36:58,51.6,600169,600169,0
2021-05-16 17:36:59,50.1,600169,600169,0
2021-05-16 17:37:00,50.1,600117,600117,0
2021-05-16 17:37:01,50.6,600169,600169,0
2021-05-16 17:37:03,50.1,800191,800191,0
2021-05-16 17:37:04,49.6,900228,900228,0
2021-05-16 17:37:05,48.7,600169,600169,0
2021-05-16 17:37:06,50.1,900228,900228,0
2021-05-16 17:37:07,48.7,600117,600117,0
2021-05-16 17:37:08,50.6,600117,600117,0
2021-05-16 17:37:09,49.1,600169,600169,0
2021-05-16 17:37:10,49.6,600169,600169,0
2021-05-16 17:37:11,48.7,600169,600169,0
2021-05-16 17:37:12,49.6,700154,700154,0
2021-05-16 17:37:13,48.7,600117,600117,0
2021-05-16 17:37:14,48.7,600169,600169,0
2021-05-16 17:37:16,47.7,600117,600117,0
2021-05-16 17:37:17,48.7,800191,800191,0
2021-05-16 17:37:18,48.2,600117,600117,0
2021-05-16 17:37:19,48.2,600169,600169,0
2021-05-16 17:37:20,48.7,1000212,1000212,0
2021-05-16 17:37:21,47.2,600117,600117,0
2021-05-16 17:37:22,47.7,600169,600169,0
2021-05-16 17:37:23,47.7,600169,600169,0
2021-05-16 17:37:24,47.7,600117,600117,0
2021-05-16 17:37:25,47.2,600169,600169,0
2021-05-16 17:37:26,46.7,600169,600169,0
2021-05-16 17:37:28,48.2,600117,600117,0
2021-05-16 17:37:29,46.2,700154,700154,0
2021-05-16 17:37:30,46.2,600169,600169,0
2021-05-16 17:37:31,46.2,600117,600117,0
2021-05-16 17:37:32,46.2,600117,600117,0
2021-05-16 17:37:33,46.7,600117,600117,0
2021-05-16 17:37:34,45.2,600169,600169,0
2021-05-16 17:37:35,46.2,600169,600169,0
2021-05-16 17:37:36,45.7,700154,700154,0
2021-05-16 17:37:37,46.2,600117,600117,0
2021-05-16 17:37:38,45.7,600117,600117,0
2021-05-16 17:37:40,45.7,600169,600169,0
2021-05-16 17:37:41,45.2,600169,600169,0
2021-05-16 17:37:42,45.2,600169,600169,0
2021-05-16 17:37:43,45.2,800191,800191,0
2021-05-16 17:37:44,45.7,600117,600117,0
2021-05-16 17:37:45,45.2,600117,600117,0
2021-05-16 17:37:46,46.2,600169,600169,0
2021-05-16 17:37:47,45.2,700207,700207,0
2021-05-16 17:37:48,45.7,600117,600117,0
2021-05-16 17:37:49,44.3,900228,900228,0
2021-05-16 17:37:50,43.8,600169,600169,0
2021-05-16 17:37:51,45.2,700154,700154,0
2021-05-16 17:37:53,44.8,800191,800191,0
2021-05-16 17:37:54,44.3,600169,600169,0
2021-05-16 17:37:55,44.3,600169,600169,0
2021-05-16 17:37:56,44.8,600117,600117,0
2021-05-16 17:37:57,45.2,600169,600169,0
2021-05-16 17:37:58,44.8,600117,600117,0
2021-05-16 17:37:59,44.3,600169,600169,0
2021-05-16 17:38:00,44.8,600117,600117,0
2021-05-16 17:38:01,43.8,600117,600117,0
2021-05-16 17:38:02,44.3,900228,900228,0
2021-05-16 17:38:03,44.8,600117,600117,0
2021-05-16 17:38:05,43.3,600169,600169,0
2021-05-16 17:38:06,43.8,600169,600169,0
2021-05-16 17:38:07,44.8,700154,700154,0
2021-05-16 17:38:08,42.8,600169,600169,0
2021-05-16 17:38:09,43.8,600117,600117,0
2021-05-16 17:38:10,43.3,600117,600117,0
2021-05-16 17:38:11,43.8,600117,600117,0
2021-05-16 17:38:12,44.3,600117,600117,0
2021-05-16 17:38:13,43.3,600117,600117,0
2021-05-16 17:38:14,43.3,800244,800244,0
2021-05-16 17:38:15,42.8,600117,600117,0
2021-05-16 17:38:17,43.3,600169,600169,0
2021-05-16 17:38:18,43.3,700207,700207,0
2021-05-16 17:38:19,43.3,600117,600117,0
2021-05-16 17:38:20,43.8,600117,600117,0
2021-05-16 17:38:21,43.8,600169,600169,0
2021-05-16 17:38:22,43.8,600117,600117,0
2021-05-16 17:38:23,43.3,600117,600117,0
2021-05-16 17:38:24,43.8,600169,600169,0
2021-05-16 17:38:25,43.8,800191,800191,0
2021-05-16 17:38:26,44.3,600169,600169,0
2021-05-16 17:38:27,42.8,800191,800191,0
2021-05-16 17:38:29,42.8,600117,600117,0
2021-05-16 17:38:30,43.3,800191,800191,0
2021-05-16 17:38:31,42.8,600117,600117,0
2021-05-16 17:38:32,42.8,600117,600117,0
2021-05-16 17:38:33,42.3,600169,600169,0
2021-05-16 17:38:34,42.8,600169,600169,0
2021-05-16 17:38:35,42.8,600169,600169,0
2021-05-16 17:38:36,41.8,600117,600117,0
2021-05-16 17:38:37,43.8,600169,600169,0
