2021-05-11 22:25:53,42.3,600117.184,0x0,0
2021-05-11 22:25:54,42.3,600169.92,0x0,0
2021-05-11 22:25:55,42.3,600169.92,0x0,0
2021-05-11 22:25:56,41.3,600169.92,0x0,0
2021-05-11 22:25:57,42.3,600117.184,0x0,0
2021-05-11 22:25:58,42.8,600117.184,0x0,0
2021-05-11 22:25:59,42.3,600169.92,0x0,0
2021-05-11 22:26:00,42.3,600117.184,0x0,0
2021-05-11 22:26:01,42.8,600117.184,0x0,0
2021-05-11 22:26:02,43.3,600169.92,0x0,0
2021-05-11 22:26:04,43.3,600117.184,0x0,0
2021-05-11 22:26:05,42.3,600169.92,0x0,0
2021-05-11 22:26:06,42.8,600169.92,0x0,0
2021-05-11 22:26:07,43.3,600117.184,0x0,0
2021-05-11 22:26:08,42.8,600117.184,0x0,0
2021-05-11 22:26:09,42.8,600169.92,0x0,0
2021-05-11 22:26:10,42.3,600169.92,0x0,0
2021-05-11 22:26:11,42.3,600117.184,0x0,0
2021-05-11 22:26:12,43.3,600117.184,0x0,0
2021-05-11 22:26:14,44.3,600169.92,0x0,0
2021-05-11 22:26:15,42.8,600169.92,0x0,0
2021-05-11 22:26:16,43.8,700154.304,0x0,0
2021-05-11 22:26:17,43.3,600169.92,0x0,0
2021-05-11 22:26:18,42.8,900175.808,0x0,0
2021-05-11 22:26:19,42.8,600117.184,0x0,0
2021-05-11 22:26:20,43.3,600169.92,0x0,0
2021-05-11 22:26:21,43.3,800191.424,0x0,0
2021-05-11 22:26:22,42.8,600117.184,0x0,0
2021-05-11 22:26:23,41.8,600169.92,0x0,0
2021-05-11 22:26:23,42.8,1300324.224,0x0,1
2021-05-11 22:26:25,52.5,2000478.464,0x0,1
2021-05-11 22:26:26,55.5,2000478.464,0x0,1
2021-05-11 22:26:27,59.4,2000478.464,0x0,1
2021-05-11 22:26:28,61.8,2000478.464,0x0,1
2021-05-11 22:26:30,64.2,2000478.464,0x0,1
2021-05-11 22:26:31,65.7,2000531.2,0x0,1
2021-05-11 22:26:32,67.2,2000478.464,0x0,1
2021-05-11 22:26:33,69.1,2000478.464,0x0,1
2021-05-11 22:26:34,70.1,2000478.464,0x0,1
2021-05-11 22:26:36,71.5,2000531.2,0x0,1
2021-05-11 22:26:37,72.5,2000478.464,0x0,1
2021-05-11 22:26:38,72.5,2000531.2,0x0,1
2021-05-11 22:26:39,73.0,2000531.2,0x0,1
2021-05-11 22:26:41,73.5,2000478.464,0x0,1
2021-05-11 22:26:42,75.9,2000478.464,0x0,1
2021-05-11 22:26:43,75.4,2000478.464,0x0,1
2021-05-11 22:26:44,77.4,2000478.464,0x0,1
2021-05-11 22:26:46,77.9,2000478.464,0x0,1
2021-05-11 22:26:47,77.9,2000478.464,0x0,1
2021-05-11 22:26:48,78.8,2000478.464,0x0,1
2021-05-11 22:26:49,79.8,2000478.464,0x0,1
2021-05-11 22:26:51,79.3,2000531.2,0x0,1
2021-05-11 22:26:52,81.3,2000531.2,0x0,1
2021-05-11 22:26:53,81.3,2000478.464,0x0,1
2021-05-11 22:26:54,82.3,1333652.352,0x20000,1
2021-05-11 22:26:56,82.3,1333652.352,0x20000,1
2021-05-11 22:26:57,82.3,1333652.352,0x20000,1
2021-05-11 22:26:58,81.3,1333652.352,0x20000,1
2021-05-11 22:26:59,81.8,2000478.464,0x20000,1
2021-05-11 22:27:01,81.8,2000531.2,0x20002,1
2021-05-11 22:27:02,81.8,2000478.464,0x20000,1
2021-05-11 22:27:03,82.3,1333652.352,0x20000,1
2021-05-11 22:27:04,82.7,2000478.464,0x20000,1
2021-05-11 22:27:06,81.3,1333652.352,0x20000,1
2021-05-11 22:27:07,82.3,2000478.464,0x20000,1
2021-05-11 22:27:08,83.2,1333652.352,0x20002,1
2021-05-11 22:27:09,82.3,1333652.352,0x20000,1
2021-05-11 22:27:11,81.3,2000531.2,0x20000,1
2021-05-11 22:27:12,82.7,1333652.352,0x20000,1
2021-05-11 22:27:13,81.8,1333652.352,0x20000,1
2021-05-11 22:27:14,81.3,2000478.464,0x20000,1
2021-05-11 22:27:16,81.8,1333652.352,0x20002,1
2021-05-11 22:27:17,79.8,2000478.464,0x20002,1
2021-05-11 22:27:18,82.3,1333652.352,0x20000,1
2021-05-11 22:27:19,82.7,1333705.088,0x20002,1
2021-05-11 22:27:21,83.2,1333652.352,0x20002,1
2021-05-11 22:27:22,82.7,1333652.352,0x20000,1
2021-05-11 22:27:23,82.3,1333652.352,0x20000,1
2021-05-11 22:27:24,83.2,1333652.352,0x20002,1
2021-05-11 22:27:26,81.3,1333652.352,0x20000,1
2021-05-11 22:27:27,83.2,2000531.2,0x20002,1
2021-05-11 22:27:28,81.8,2000478.464,0x20002,1
2021-05-11 22:27:29,81.8,2000531.2,0x20002,1
2021-05-11 22:27:31,83.2,2000478.464,0x20000,1
2021-05-11 22:27:32,82.3,2000478.464,0x20000,1
2021-05-11 22:27:33,82.7,1333652.352,0x20000,1
2021-05-11 22:27:34,83.7,1333652.352,0x20000,1
2021-05-11 22:27:35,83.2,1333652.352,0x20002,1
2021-05-11 22:27:37,82.3,1333652.352,0x20002,1
2021-05-11 22:27:38,81.8,2000478.464,0x20002,1
2021-05-11 22:27:39,81.3,2000531.2,0x20002,1
2021-05-11 22:27:41,82.3,1333705.088,0x20002,1
2021-05-11 22:27:42,83.2,2000531.2,0x20002,1
2021-05-11 22:27:43,82.3,1333652.352,0x20002,1
2021-05-11 22:27:44,81.3,2000478.464,0x20000,1
2021-05-11 22:27:45,83.2,1333652.352,0x20002,1
2021-05-11 22:27:47,82.7,1333652.352,0x20002,1
2021-05-11 22:27:48,82.7,1333652.352,0x20002,1
2021-05-11 22:27:49,83.2,1333652.352,0x20002,1
2021-05-11 22:27:50,82.7,1333652.352,0x20002,1
2021-05-11 22:27:52,81.8,1333705.088,0x20000,1
2021-05-11 22:27:53,83.2,1333652.352,0x20002,1
2021-05-11 22:27:54,82.7,1333652.352,0x20002,1
2021-05-11 22:27:55,81.3,1333652.352,0x20000,1
2021-05-11 22:27:57,83.2,1333652.352,0x20002,1
2021-05-11 22:27:58,82.7,2000478.464,0x20000,1
2021-05-11 22:27:59,82.3,1333652.352,0x20000,1
2021-05-11 22:28:00,82.3,1333652.352,0x20002,1
2021-05-11 22:28:01,84.7,1333652.352,0x20002,1
2021-05-11 22:28:03,83.2,1333652.352,0x20002,1
2021-05-11 22:28:04,82.3,1333652.352,0x20002,1
2021-05-11 22:28:05,83.2,1333652.352,0x20002,1
2021-05-11 22:28:07,83.2,1333652.352,0x20002,1
2021-05-11 22:28:08,82.7,1333652.352,0x20002,1
2021-05-11 22:28:09,81.8,2000478.464,0x20002,1
2021-05-11 22:28:10,82.7,1333652.352,0x20002,1
2021-05-11 22:28:12,82.7,1333652.352,0x20002,1
2021-05-11 22:28:13,82.7,1333705.088,0x20002,1
2021-05-11 22:28:14,83.7,1333652.352,0x60002,1
2021-05-11 22:28:15,83.2,1333652.352,0x60002,1
2021-05-11 22:28:17,82.7,1333652.352,0x60002,1
2021-05-11 22:28:18,82.7,1333652.352,0x60002,1
2021-05-11 22:28:19,83.2,1333652.352,0x60002,1
2021-05-11 22:28:20,83.2,1333652.352,0x60002,1
2021-05-11 22:28:22,83.2,1333652.352,0x60002,1
2021-05-11 22:28:23,83.2,1333652.352,0x60002,1
2021-05-11 22:28:24,83.7,600117.184,0x60006,1
2021-05-11 22:28:25,83.2,1333652.352,0x60002,1
2021-05-11 22:28:27,82.7,2000478.464,0x60002,1
2021-05-11 22:28:28,83.2,1333705.088,0x60002,1
2021-05-11 22:28:29,82.3,1333652.352,0x60002,1
2021-05-11 22:28:30,81.8,1333652.352,0x60002,1
2021-05-11 22:28:32,82.7,1333652.352,0x60002,1
2021-05-11 22:28:33,82.7,1333652.352,0x60002,1
2021-05-11 22:28:34,82.7,1333652.352,0x60002,1
2021-05-11 22:28:35,82.7,1333652.352,0x60002,1
2021-05-11 22:28:37,81.8,1333652.352,0x60002,1
2021-05-11 22:28:38,83.2,1333705.088,0x60002,1
2021-05-11 22:28:39,82.7,1333652.352,0x60002,1
2021-05-11 22:28:40,83.2,1333652.352,0x60002,1
2021-05-11 22:28:42,82.3,1333652.352,0x60002,1
2021-05-11 22:28:43,82.7,1333652.352,0x60002,1
2021-05-11 22:28:44,83.2,1333652.352,0x60002,1
2021-05-11 22:28:45,81.8,1333705.088,0x60002,1
2021-05-11 22:28:47,82.7,2000478.464,0x60000,1
2021-05-11 22:28:48,82.3,1333652.352,0x60002,1
2021-05-11 22:28:49,83.2,1333705.088,0x60002,1
2021-05-11 22:28:51,83.7,1333652.352,0x60002,1
2021-05-11 22:28:52,83.2,1333652.352,0x60002,1
2021-05-11 22:28:53,83.2,1333705.088,0x60002,1
2021-05-11 22:28:54,83.2,1333652.352,0x60002,1
2021-05-11 22:28:56,83.2,1333652.352,0x60002,1
2021-05-11 22:28:57,83.2,1333652.352,0x60002,1
2021-05-11 22:28:58,82.3,1333705.088,0x60002,1
2021-05-11 22:29:00,83.7,1333705.088,0x60002,1
2021-05-11 22:29:01,82.7,1333652.352,0x60002,1
2021-05-11 22:29:02,83.2,1333652.352,0x60002,1
2021-05-11 22:29:03,83.2,2000478.464,0x60000,1
2021-05-11 22:29:05,83.2,1333652.352,0x60002,1
2021-05-11 22:29:06,82.7,1333652.352,0x60002,1
2021-05-11 22:29:07,82.7,1333652.352,0x60002,1
2021-05-11 22:29:08,83.2,1333705.088,0x60002,1
2021-05-11 22:29:10,82.7,1333652.352,0x60002,1
2021-05-11 22:29:11,84.2,2000478.464,0x60002,1
2021-05-11 22:29:12,82.7,1333705.088,0x60002,1
2021-05-11 22:29:13,82.7,1333705.088,0x60002,1
2021-05-11 22:29:15,82.3,1333652.352,0x60000,1
2021-05-11 22:29:16,83.2,1333652.352,0x60002,1
2021-05-11 22:29:17,83.2,1333652.352,0x60002,1
2021-05-11 22:29:18,83.2,1333652.352,0x60000,1
2021-05-11 22:29:20,82.7,1333652.352,0x60002,1
2021-05-11 22:29:21,82.7,1333652.352,0x60002,1
2021-05-11 22:29:22,83.7,1333652.352,0x60002,1
2021-05-11 22:29:23,82.7,1333705.088,0x60002,1
2021-05-11 22:29:25,83.7,1333652.352,0x60002,1
2021-05-11 22:29:26,83.2,1333652.352,0x60002,1
2021-05-11 22:29:27,83.7,1333652.352,0x60002,1
2021-05-11 22:29:28,83.7,1333652.352,0x60002,1
2021-05-11 22:29:30,84.2,1333652.352,0x60002,1
2021-05-11 22:29:31,83.2,1333652.352,0x60002,1
2021-05-11 22:29:32,83.2,1333652.352,0x60002,1
2021-05-11 22:29:33,83.2,1333652.352,0x60002,1
2021-05-11 22:29:35,83.2,1333652.352,0x60002,1
2021-05-11 22:29:36,84.2,1333652.352,0x60002,1
2021-05-11 22:29:37,83.7,1333652.352,0x60002,1
2021-05-11 22:29:38,84.2,1333652.352,0x60002,1
2021-05-11 22:29:40,83.2,1333652.352,0x60002,1
2021-05-11 22:29:41,84.2,1333652.352,0x60002,1
2021-05-11 22:29:42,83.2,1333652.352,0x60002,1
2021-05-11 22:29:43,82.7,1333652.352,0x60002,1
2021-05-11 22:29:45,84.2,1333652.352,0x60002,1
2021-05-11 22:29:46,83.7,1333652.352,0x60002,1
2021-05-11 22:29:47,82.7,1333652.352,0x60002,1
2021-05-11 22:29:48,84.2,1333652.352,0x60002,1
2021-05-11 22:29:50,83.2,1333652.352,0x60002,1
2021-05-11 22:29:51,83.7,1333652.352,0x60002,1
2021-05-11 22:29:52,83.2,1333652.352,0x60002,1
2021-05-11 22:29:53,82.7,1333652.352,0x60002,1
2021-05-11 22:29:55,83.7,1333652.352,0x60002,1
2021-05-11 22:29:56,83.7,1333652.352,0x60002,1
2021-05-11 22:29:57,83.7,1333652.352,0x60002,1
2021-05-11 22:29:58,83.7,1333652.352,0x60002,1
2021-05-11 22:30:00,84.2,1333652.352,0x60002,1
2021-05-11 22:30:01,84.2,1333652.352,0x60002,1
2021-05-11 22:30:02,83.7,1333652.352,0x60002,1
2021-05-11 22:30:03,83.2,1333652.352,0x60002,1
2021-05-11 22:30:05,83.2,1333652.352,0x60002,1
2021-05-11 22:30:06,84.7,1333652.352,0x60002,1
2021-05-11 22:30:07,83.7,1333652.352,0x60002,1
2021-05-11 22:30:08,83.2,1333652.352,0x60002,1
2021-05-11 22:30:10,83.2,1333652.352,0x60002,1
2021-05-11 22:30:11,82.7,1333652.352,0x60002,1
2021-05-11 22:30:12,83.7,1333705.088,0x60002,1
2021-05-11 22:30:14,83.7,1333652.352,0x60006,1
2021-05-11 22:30:15,84.7,1333652.352,0x60002,1
2021-05-11 22:30:16,84.2,1333652.352,0x60002,1
2021-05-11 22:30:17,83.2,1333705.088,0x60002,1
2021-05-11 22:30:19,83.2,1333652.352,0x60002,1
2021-05-11 22:30:20,83.7,1333705.088,0x60002,1
2021-05-11 22:30:21,83.2,1333652.352,0x60002,1
2021-05-11 22:30:22,83.7,1333652.352,0x60002,1
2021-05-11 22:30:24,82.3,1333652.352,0x60002,1
2021-05-11 22:30:25,83.7,1333652.352,0x60002,1
2021-05-11 22:30:26,83.2,1333652.352,0x60002,1
2021-05-11 22:30:27,83.7,1333652.352,0x60002,1
2021-05-11 22:30:29,83.7,1333652.352,0x60002,1
2021-05-11 22:30:30,83.2,1333652.352,0x60002,1
2021-05-11 22:30:31,82.7,1333652.352,0x60002,1
2021-05-11 22:30:32,84.2,1333652.352,0x60002,1
2021-05-11 22:30:34,83.2,1333652.352,0x60002,1
2021-05-11 22:30:35,84.2,1333705.088,0x60002,1
2021-05-11 22:30:36,84.2,1333652.352,0x60002,1
2021-05-11 22:30:37,84.2,1333652.352,0x60002,1
2021-05-11 22:30:39,83.2,1333652.352,0x60002,1
2021-05-11 22:30:40,84.7,600169.92,0x60002,1
2021-05-11 22:30:41,83.7,1333652.352,0x60002,1
2021-05-11 22:30:43,84.2,1333652.352,0x60002,1
2021-05-11 22:30:44,83.2,1333652.352,0x60002,1
2021-05-11 22:30:45,84.2,1333652.352,0x60002,1
2021-05-11 22:30:46,84.2,1333652.352,0x60002,1
2021-05-11 22:30:48,83.7,1333652.352,0x60002,1
2021-05-11 22:30:49,84.2,1333652.352,0x60002,1
2021-05-11 22:30:50,83.7,600169.92,0x60006,1
2021-05-11 22:30:51,84.7,1333652.352,0x60002,1
2021-05-11 22:30:53,83.7,1333652.352,0x60002,1
2021-05-11 22:30:54,83.2,600117.184,0x60000,1
2021-05-11 22:30:55,83.7,1333652.352,0x60006,1
2021-05-11 22:30:56,84.7,1333652.352,0x60002,1
2021-05-11 22:30:58,84.2,1333705.088,0x60002,1
2021-05-11 22:30:59,84.2,1333652.352,0x60002,1
2021-05-11 22:31:00,84.2,1333705.088,0x60002,1
2021-05-11 22:31:01,84.7,1333652.352,0x60002,1
2021-05-11 22:31:03,83.2,1333652.352,0x60002,1
2021-05-11 22:31:04,83.2,1333652.352,0x60002,1
2021-05-11 22:31:05,84.2,1333652.352,0x60002,1
2021-05-11 22:31:06,83.7,1333652.352,0x60002,1
2021-05-11 22:31:08,83.7,1333652.352,0x60002,1
2021-05-11 22:31:09,84.2,1333652.352,0x60002,1
2021-05-11 22:31:10,84.2,1333652.352,0x60002,1
2021-05-11 22:31:11,84.7,1333652.352,0x60002,1
2021-05-11 22:31:13,83.2,1333652.352,0x60002,1
2021-05-11 22:31:14,84.2,1333652.352,0x60002,1
2021-05-11 22:31:15,84.7,1333652.352,0x60002,1
2021-05-11 22:31:16,83.7,600169.92,0x60002,1
2021-05-11 22:31:18,83.7,1333705.088,0x60002,1
2021-05-11 22:31:19,83.7,1333652.352,0x60002,1
2021-05-11 22:31:20,84.2,1333652.352,0x60002,1
2021-05-11 22:31:21,83.7,1333652.352,0x60002,1
2021-05-11 22:31:22,84.2,1333652.352,0x60002,1
2021-05-11 22:31:24,82.7,1333652.352,0x60002,1
2021-05-11 22:31:25,84.7,1333652.352,0x60002,1
2021-05-11 22:31:26,84.7,1333705.088,0x60002,1
2021-05-11 22:31:28,83.7,1333652.352,0x60002,1
2021-05-11 22:31:29,84.2,1333652.352,0x60002,1
2021-05-11 22:31:30,85.2,1333652.352,0x60002,1
2021-05-11 22:31:31,84.7,1333652.352,0x60002,1
2021-05-11 22:31:33,84.2,1333652.352,0x60002,1
2021-05-11 22:31:34,84.2,600117.184,0x60002,1
2021-05-11 22:31:35,84.7,1333652.352,0x60002,1
2021-05-11 22:31:36,84.2,1333652.352,0x60002,1
2021-05-11 22:31:38,83.2,1333652.352,0x60002,1
2021-05-11 22:31:39,83.7,1333652.352,0x60002,1
2021-05-11 22:31:40,84.2,1333652.352,0x60002,1
2021-05-11 22:31:41,84.2,1333652.352,0x60002,1
2021-05-11 22:31:43,85.2,1333705.088,0x60002,1
2021-05-11 22:31:44,83.7,1333652.352,0x60002,1
2021-05-11 22:31:45,83.2,1333652.352,0x60002,1
2021-05-11 22:31:46,83.2,1333652.352,0x60002,1
2021-05-11 22:31:48,83.7,1333652.352,0x60002,1
2021-05-11 22:31:49,84.2,1333705.088,0x60002,1
2021-05-11 22:31:50,84.7,1333652.352,0x60002,1
2021-05-11 22:31:51,84.2,1333652.352,0x60002,1
2021-05-11 22:31:53,82.7,1333652.352,0x60002,1
2021-05-11 22:31:54,84.7,1333652.352,0x60006,1
2021-05-11 22:31:55,82.7,1333652.352,0x60002,1
2021-05-11 22:31:57,83.2,1333652.352,0x60002,1
2021-05-11 22:31:58,82.7,1333652.352,0x60002,1
2021-05-11 22:31:59,83.2,1333652.352,0x60002,1
2021-05-11 22:32:00,84.2,1333652.352,0x60002,1
2021-05-11 22:32:02,84.2,1333652.352,0x60006,1
2021-05-11 22:32:03,83.2,1333652.352,0x60002,1
2021-05-11 22:32:04,84.2,1333652.352,0x60002,1
2021-05-11 22:32:05,83.2,600117.184,0x60002,1
2021-05-11 22:32:07,83.7,1333652.352,0x60002,1
2021-05-11 22:32:08,84.7,1333705.088,0x60002,1
2021-05-11 22:32:09,84.2,1333652.352,0x60002,1
2021-05-11 22:32:10,84.2,1333705.088,0x60002,1
2021-05-11 22:32:12,83.7,1333652.352,0x60002,1
2021-05-11 22:32:13,83.7,600117.184,0x60002,1
2021-05-11 22:32:14,84.2,600169.92,0x60006,1
2021-05-11 22:32:15,84.7,1333652.352,0x60002,1
2021-05-11 22:32:17,84.7,1333652.352,0x60002,1
2021-05-11 22:32:18,83.2,1333652.352,0x60002,1
2021-05-11 22:32:19,84.2,1333652.352,0x60002,1
2021-05-11 22:32:21,84.2,1333652.352,0x60002,1
2021-05-11 22:32:22,83.2,1333652.352,0x60002,1
2021-05-11 22:32:23,84.7,1333652.352,0x60002,1
2021-05-11 22:32:24,84.2,1333652.352,0x60002,1
2021-05-11 22:32:26,83.2,1333705.088,0x60002,1
2021-05-11 22:32:27,84.7,1333652.352,0x60002,1
2021-05-11 22:32:28,83.7,1333652.352,0x60002,1
2021-05-11 22:32:29,85.2,1333652.352,0x60002,1
2021-05-11 22:32:31,83.7,1333652.352,0x60002,1
2021-05-11 22:32:32,84.2,600117.184,0x60006,1
2021-05-11 22:32:33,84.7,1333652.352,0x60002,1
2021-05-11 22:32:34,83.7,1333652.352,0x60002,1
2021-05-11 22:32:36,83.7,1333705.088,0x60002,1
2021-05-11 22:32:37,83.2,1333652.352,0x60002,1
2021-05-11 22:32:38,82.7,1333652.352,0x60006,1
2021-05-11 22:32:39,83.7,1333652.352,0x60002,1
2021-05-11 22:32:41,83.7,1333652.352,0x60002,1
2021-05-11 22:32:42,84.7,1333652.352,0x60002,1
2021-05-11 22:32:43,83.7,1333652.352,0x60002,1
2021-05-11 22:32:45,83.2,1333652.352,0x60002,1
2021-05-11 22:32:46,82.3,1333652.352,0x60002,1
2021-05-11 22:32:47,83.7,1333652.352,0x60002,1
2021-05-11 22:32:48,84.2,1333652.352,0x60002,1
2021-05-11 22:32:50,84.2,1333652.352,0x60002,1
2021-05-11 22:32:51,84.7,1333652.352,0x60002,1
2021-05-11 22:32:52,84.7,1333652.352,0x60002,1
2021-05-11 22:32:53,84.2,1333652.352,0x60006,1
2021-05-11 22:32:55,84.2,1333652.352,0x60002,1
2021-05-11 22:32:56,82.7,1333652.352,0x60002,1
2021-05-11 22:32:57,83.7,1333705.088,0x60002,1
2021-05-11 22:32:58,83.2,1333652.352,0x60002,1
2021-05-11 22:33:00,83.7,1333652.352,0x60002,1
2021-05-11 22:33:01,86.2,1333652.352,0x60002,1
2021-05-11 22:33:02,84.2,1333652.352,0x60002,1
2021-05-11 22:33:03,84.7,1333652.352,0x60002,1
2021-05-11 22:33:05,84.2,1333652.352,0x60006,1
2021-05-11 22:33:06,84.2,1333652.352,0x60002,1
2021-05-11 22:33:07,84.7,1333652.352,0x60002,1
2021-05-11 22:33:08,84.7,1333652.352,0x60002,1
2021-05-11 22:33:10,84.2,1333652.352,0x60002,1
2021-05-11 22:33:11,84.2,1333705.088,0x60002,1
2021-05-11 22:33:12,84.2,1333652.352,0x60002,1
2021-05-11 22:33:13,85.2,1333652.352,0x60002,1
2021-05-11 22:33:15,83.7,1333652.352,0x60002,1
2021-05-11 22:33:16,84.7,1333652.352,0x60002,1
2021-05-11 22:33:17,84.2,1333652.352,0x60002,1
2021-05-11 22:33:18,84.7,1333652.352,0x60002,1
2021-05-11 22:33:20,84.2,1333652.352,0x60002,1
2021-05-11 22:33:21,83.2,1333652.352,0x60002,1
2021-05-11 22:33:22,84.7,1333652.352,0x60002,1
2021-05-11 22:33:23,84.2,1333652.352,0x60002,1
2021-05-11 22:33:25,83.7,1333652.352,0x60002,1
2021-05-11 22:33:26,83.2,1333652.352,0x60002,1
2021-05-11 22:33:27,83.7,1333652.352,0x60002,1
2021-05-11 22:33:28,84.2,1333652.352,0x60002,1
2021-05-11 22:33:30,83.2,1333705.088,0x60002,1
2021-05-11 22:33:31,83.7,1333652.352,0x60002,1
2021-05-11 22:33:32,84.2,1333652.352,0x60002,1
2021-05-11 22:33:34,83.2,600117.184,0x60002,1
2021-05-11 22:33:35,84.2,1333652.352,0x60002,1
2021-05-11 22:33:36,84.7,1333652.352,0x60002,1
2021-05-11 22:33:37,83.2,1333652.352,0x60002,1
2021-05-11 22:33:39,83.2,1333652.352,0x60002,1
2021-05-11 22:33:40,83.2,1333652.352,0x60002,1
2021-05-11 22:33:41,82.7,1333652.352,0x60002,1
2021-05-11 22:33:42,84.2,1333652.352,0x60006,1
2021-05-11 22:33:44,84.2,1333652.352,0x60002,1
2021-05-11 22:33:45,82.3,1333652.352,0x60002,1
2021-05-11 22:33:46,84.2,1333652.352,0x60002,1
2021-05-11 22:33:47,84.7,1333652.352,0x60002,1
2021-05-11 22:33:49,84.2,600117.184,0x60002,1
2021-05-11 22:33:50,84.7,1333652.352,0x60002,1
2021-05-11 22:33:51,83.2,1333652.352,0x60002,1
2021-05-11 22:33:52,84.2,1333652.352,0x60002,1
2021-05-11 22:33:54,85.2,600117.184,0x60002,1
2021-05-11 22:33:55,83.2,1333652.352,0x60002,1
2021-05-11 22:33:56,82.7,1333652.352,0x60002,1
2021-05-11 22:33:57,84.7,1333652.352,0x60002,1
2021-05-11 22:33:59,84.7,1333652.352,0x60002,1
2021-05-11 22:34:00,83.2,1333652.352,0x60002,1
2021-05-11 22:34:01,83.7,1333652.352,0x60002,1
2021-05-11 22:34:02,83.2,1333652.352,0x60002,1
2021-05-11 22:34:04,84.2,1333652.352,0x60002,1
2021-05-11 22:34:05,84.7,1333652.352,0x60002,1
2021-05-11 22:34:06,84.7,1333652.352,0x60002,1
2021-05-11 22:34:07,84.7,1333652.352,0x60002,1
2021-05-11 22:34:09,84.7,1333652.352,0x60002,1
2021-05-11 22:34:10,84.2,1333705.088,0x60002,1
2021-05-11 22:34:11,83.2,1333652.352,0x60002,1
2021-05-11 22:34:12,84.2,1333705.088,0x60002,1
2021-05-11 22:34:14,84.2,1333705.088,0x60002,1
2021-05-11 22:34:15,84.7,1333652.352,0x60002,1
2021-05-11 22:34:16,83.7,1333652.352,0x60002,1
2021-05-11 22:34:17,83.7,1333705.088,0x60002,1
2021-05-11 22:34:19,84.7,1333652.352,0x60002,1
2021-05-11 22:34:20,84.7,1333652.352,0x60002,1
2021-05-11 22:34:21,84.7,1333652.352,0x60002,1
2021-05-11 22:34:22,83.2,1333652.352,0x60002,1
2021-05-11 22:34:24,85.2,1333652.352,0x60002,1
2021-05-11 22:34:25,83.7,1333652.352,0x60002,1
2021-05-11 22:34:26,84.2,1333652.352,0x60002,1
2021-05-11 22:34:27,84.2,1333652.352,0x60002,1
2021-05-11 22:34:29,83.7,600117.184,0x60006,1
2021-05-11 22:34:30,83.7,1333652.352,0x60002,1
2021-05-11 22:34:31,84.2,1333705.088,0x60002,1
2021-05-11 22:34:32,84.7,600169.92,0x60002,1
2021-05-11 22:34:34,82.7,1333652.352,0x60002,1
2021-05-11 22:34:35,84.7,1333652.352,0x60002,1
2021-05-11 22:34:36,84.7,1333652.352,0x60006,1
2021-05-11 22:34:37,84.2,1333652.352,0x60002,1
2021-05-11 22:34:39,83.2,1333652.352,0x60002,1
2021-05-11 22:34:40,83.7,1333705.088,0x60002,1
2021-05-11 22:34:41,83.7,1333652.352,0x60002,1
2021-05-11 22:34:42,84.2,1333652.352,0x60002,1
2021-05-11 22:34:44,84.2,1333652.352,0x60002,1
2021-05-11 22:34:45,84.2,1333652.352,0x60002,1
2021-05-11 22:34:46,83.7,1333652.352,0x60002,1
2021-05-11 22:34:47,84.2,1333652.352,0x60002,1
2021-05-11 22:34:49,84.7,1333652.352,0x60002,1
2021-05-11 22:34:50,84.2,1333705.088,0x60002,1
2021-05-11 22:34:51,83.2,1333652.352,0x60002,1
2021-05-11 22:34:52,85.2,1333652.352,0x60002,1
2021-05-11 22:34:54,83.2,1333652.352,0x60002,1
2021-05-11 22:34:55,84.2,1333652.352,0x60002,1
2021-05-11 22:34:56,84.2,1333652.352,0x60002,1
2021-05-11 22:34:57,85.2,1333652.352,0x60002,1
2021-05-11 22:34:59,84.2,1333652.352,0x60002,1
2021-05-11 22:35:00,84.2,1333652.352,0x60002,1
2021-05-11 22:35:01,82.7,1333652.352,0x60002,1
2021-05-11 22:35:02,84.2,1333652.352,0x60002,1
2021-05-11 22:35:04,84.7,1333652.352,0x60002,1
2021-05-11 22:35:05,84.7,1333652.352,0x60002,1
2021-05-11 22:35:06,83.2,1333705.088,0x60002,1
2021-05-11 22:35:07,84.7,1333652.352,0x60002,1
2021-05-11 22:35:09,84.2,1333652.352,0x60006,1
2021-05-11 22:35:10,83.7,600169.92,0x60006,1
2021-05-11 22:35:11,82.7,1333652.352,0x60002,1
2021-05-11 22:35:13,83.7,600117.184,0x60002,1
2021-05-11 22:35:14,84.2,1333652.352,0x60002,1
2021-05-11 22:35:15,83.7,600169.92,0x60002,1
2021-05-11 22:35:16,84.2,600169.92,0x60006,1
2021-05-11 22:35:18,84.7,1333652.352,0x60002,1
2021-05-11 22:35:19,84.2,1333652.352,0x60002,1
2021-05-11 22:35:20,83.2,1333652.352,0x60002,1
2021-05-11 22:35:21,84.2,1333652.352,0x60002,1
2021-05-11 22:35:23,83.7,1333652.352,0x60002,1
2021-05-11 22:35:24,82.3,1333652.352,0x60002,1
2021-05-11 22:35:25,84.2,1333652.352,0x60002,1
2021-05-11 22:35:26,83.7,600169.92,0x60002,1
2021-05-11 22:35:28,83.2,1333652.352,0x60002,1
2021-05-11 22:35:29,84.2,1333652.352,0x60002,1
2021-05-11 22:35:30,84.2,1333652.352,0x60002,1
2021-05-11 22:35:31,84.2,1333652.352,0x60002,1
2021-05-11 22:35:33,83.2,1333652.352,0x60002,1
2021-05-11 22:35:34,83.7,1333705.088,0x60002,1
2021-05-11 22:35:35,83.2,1333652.352,0x60002,1
2021-05-11 22:35:36,84.7,1333652.352,0x60006,1
2021-05-11 22:35:38,85.2,600117.184,0x60006,1
2021-05-11 22:35:39,83.7,1333652.352,0x60002,1
2021-05-11 22:35:40,83.7,1333652.352,0x60002,1
2021-05-11 22:35:41,84.2,1333652.352,0x60002,1
2021-05-11 22:35:43,85.2,1333652.352,0x60002,1
2021-05-11 22:35:44,84.2,1333652.352,0x60002,1
2021-05-11 22:35:45,83.7,1333652.352,0x60002,1
2021-05-11 22:35:46,84.2,600169.92,0x60002,1
2021-05-11 22:35:48,83.2,1333652.352,0x60002,1
2021-05-11 22:35:49,82.7,1333652.352,0x60002,1
2021-05-11 22:35:50,84.7,1333652.352,0x60002,1
2021-05-11 22:35:51,84.2,1333652.352,0x60002,1
2021-05-11 22:35:53,83.2,1333652.352,0x60002,1
2021-05-11 22:35:54,83.7,1333652.352,0x60002,1
2021-05-11 22:35:55,83.7,1333652.352,0x60002,1
2021-05-11 22:35:56,84.2,1333652.352,0x60002,1
2021-05-11 22:35:58,84.2,1333652.352,0x60002,1
2021-05-11 22:35:59,83.7,1333652.352,0x60002,1
2021-05-11 22:36:00,84.2,1333652.352,0x60002,1
2021-05-11 22:36:01,83.7,1333652.352,0x60002,1
2021-05-11 22:36:03,84.2,1333705.088,0x60002,1
2021-05-11 22:36:04,84.2,1333652.352,0x60006,1
2021-05-11 22:36:05,83.2,1333705.088,0x60002,1
2021-05-11 22:36:07,84.2,1333705.088,0x60002,1
2021-05-11 22:36:08,84.2,1333652.352,0x60002,1
2021-05-11 22:36:09,84.7,1333705.088,0x60002,1
2021-05-11 22:36:10,84.7,1333652.352,0x60002,1
2021-05-11 22:36:12,84.7,1333652.352,0x60002,1
2021-05-11 22:36:13,84.2,1333652.352,0x60002,1
2021-05-11 22:36:14,84.2,600117.184,0x60006,1
2021-05-11 22:36:15,82.3,1333652.352,0x60002,1
2021-05-11 22:36:16,84.2,1333652.352,0x60002,1
2021-05-11 22:36:18,84.7,1333652.352,0x60002,1
2021-05-11 22:36:19,84.2,1333652.352,0x60002,1
2021-05-11 22:36:20,83.2,1333652.352,0x60002,1
2021-05-11 22:36:22,83.7,1333652.352,0x60002,1
2021-05-11 22:36:23,83.7,1333652.352,0x60002,1
2021-05-11 22:36:24,84.2,1333652.352,0x60002,1
2021-05-11 22:36:25,83.7,1333652.352,0x60002,1
2021-05-11 22:36:27,84.7,1333652.352,0x60006,1
2021-05-11 22:36:28,83.7,1333652.352,0x60002,1
2021-05-11 22:36:29,82.7,1333705.088,0x60002,1
2021-05-11 22:36:30,84.7,1333652.352,0x60002,1
2021-05-11 22:36:32,84.7,1333652.352,0x60002,1
2021-05-11 22:36:33,84.2,1333705.088,0x60002,1
2021-05-11 22:36:34,84.2,1333705.088,0x60002,1
2021-05-11 22:36:35,84.2,1333652.352,0x60002,1
2021-05-11 22:36:37,84.2,1333652.352,0x60002,1
2021-05-11 22:36:38,84.7,1333652.352,0x60002,1
2021-05-11 22:36:39,84.7,1333652.352,0x60002,1
2021-05-11 22:36:40,84.2,600169.92,0x60006,1
2021-05-11 22:36:42,84.7,1333705.088,0x60002,1
2021-05-11 22:36:43,84.7,600117.184,0x60006,1
2021-05-11 22:36:44,84.7,1333652.352,0x60002,1
2021-05-11 22:36:45,84.7,1333705.088,0x60002,1
2021-05-11 22:36:47,84.7,1333705.088,0x60002,1
2021-05-11 22:36:48,83.7,1333652.352,0x60002,1
2021-05-11 22:36:49,84.2,1333652.352,0x60002,1
2021-05-11 22:36:50,84.2,1333652.352,0x60002,1
2021-05-11 22:36:52,84.2,1333652.352,0x60002,1
2021-05-11 22:36:53,83.7,1333652.352,0x60002,1
2021-05-11 22:36:54,83.7,1333652.352,0x60002,1
2021-05-11 22:36:56,83.7,1333705.088,0x60002,1
2021-05-11 22:36:57,83.2,1333652.352,0x60002,1
2021-05-11 22:36:58,83.7,1333652.352,0x60002,1
2021-05-11 22:36:59,84.7,1333652.352,0x60002,1
2021-05-11 22:37:01,82.7,1333652.352,0x60002,1
2021-05-11 22:37:02,85.2,1333652.352,0x60002,1
2021-05-11 22:37:03,83.2,1333652.352,0x60002,1
2021-05-11 22:37:05,82.7,1333652.352,0x60002,1
2021-05-11 22:37:06,84.7,1333652.352,0x60002,1
2021-05-11 22:37:07,83.2,1333652.352,0x60002,1
2021-05-11 22:37:08,85.2,1333652.352,0x60002,1
2021-05-11 22:37:09,83.7,1333652.352,0x60002,1
2021-05-11 22:37:11,84.7,1333705.088,0x60002,1
2021-05-11 22:37:12,83.7,1333652.352,0x60002,1
2021-05-11 22:37:13,85.2,600117.184,0x60002,1
2021-05-11 22:37:15,83.2,1333652.352,0x60002,1
2021-05-11 22:37:16,84.2,1333652.352,0x60002,1
2021-05-11 22:37:17,83.7,1333652.352,0x60002,1
2021-05-11 22:37:18,84.7,1333652.352,0x60002,1
2021-05-11 22:37:20,84.7,1333652.352,0x60002,1
2021-05-11 22:37:21,82.7,1333652.352,0x60002,1
2021-05-11 22:37:22,82.3,1333652.352,0x60002,1
2021-05-11 22:37:24,82.7,1333652.352,0x60002,1
2021-05-11 22:37:25,83.2,1333652.352,0x60002,1
2021-05-11 22:37:26,83.2,1333705.088,0x60002,1
2021-05-11 22:37:27,82.3,1333705.088,0x60002,1
2021-05-11 22:37:29,85.2,1333652.352,0x60002,1
2021-05-11 22:37:30,85.2,1333652.352,0x60002,1
2021-05-11 22:37:31,83.2,1333652.352,0x60002,1
2021-05-11 22:37:32,85.2,1333652.352,0x60002,1
2021-05-11 22:37:34,83.2,1333652.352,0x60002,1
2021-05-11 22:37:35,83.7,1333652.352,0x60002,1
2021-05-11 22:37:36,84.2,1333652.352,0x60002,1
2021-05-11 22:37:37,85.2,600117.184,0x60002,1
2021-05-11 22:37:39,84.7,1333652.352,0x60002,1
2021-05-11 22:37:40,84.2,1333705.088,0x60002,1
2021-05-11 22:37:41,84.7,1333652.352,0x60002,1
2021-05-11 22:37:42,83.7,1333652.352,0x60002,1
2021-05-11 22:37:44,84.7,1333652.352,0x60002,1
2021-05-11 22:37:45,82.7,1333652.352,0x60002,1
2021-05-11 22:37:46,85.2,600169.92,0x60002,1
2021-05-11 22:37:47,84.2,1333652.352,0x60002,1
2021-05-11 22:37:49,83.2,1333652.352,0x60002,1
2021-05-11 22:37:50,84.2,1333652.352,0x60002,1
2021-05-11 22:37:51,83.7,1333652.352,0x60002,1
2021-05-11 22:37:52,83.7,1333652.352,0x60002,1
2021-05-11 22:37:53,84.7,1333652.352,0x60002,1
2021-05-11 22:37:55,84.7,1333652.352,0x60002,1
2021-05-11 22:37:56,83.2,1333652.352,0x60002,1
2021-05-11 22:37:57,84.2,600117.184,0x60006,1
2021-05-11 22:37:59,85.2,1333652.352,0x60002,1
2021-05-11 22:38:00,85.2,1333652.352,0x60002,1
2021-05-11 22:38:01,82.7,1333652.352,0x60002,1
2021-05-11 22:38:02,85.2,1333652.352,0x60002,1
2021-05-11 22:38:04,85.2,1333705.088,0x60006,1
2021-05-11 22:38:05,84.7,1333705.088,0x60002,1
2021-05-11 22:38:06,85.2,1333652.352,0x60006,1
2021-05-11 22:38:08,82.7,1333652.352,0x60002,1
2021-05-11 22:38:09,85.2,1333652.352,0x60002,1
2021-05-11 22:38:10,84.2,1333705.088,0x60002,1
2021-05-11 22:38:11,83.7,1333652.352,0x60002,1
2021-05-11 22:38:13,83.7,1333652.352,0x60002,1
2021-05-11 22:38:14,84.2,1333652.352,0x60002,1
2021-05-11 22:38:15,84.2,1333705.088,0x60006,1
2021-05-11 22:38:17,85.2,1333652.352,0x60002,1
2021-05-11 22:38:18,84.2,1333652.352,0x60002,1
2021-05-11 22:38:19,84.7,1333652.352,0x60002,1
2021-05-11 22:38:20,85.2,600117.184,0x60002,1
2021-05-11 22:38:22,83.7,1333652.352,0x60002,1
2021-05-11 22:38:23,83.7,1333652.352,0x60002,1
2021-05-11 22:38:24,84.7,600169.92,0x60006,1
2021-05-11 22:38:25,82.3,1333652.352,0x60002,1
2021-05-11 22:38:27,83.2,1333652.352,0x60002,1
2021-05-11 22:38:28,84.2,1333705.088,0x60002,1
2021-05-11 22:38:29,84.2,1333652.352,0x60002,1
2021-05-11 22:38:31,84.7,1333652.352,0x60002,1
2021-05-11 22:38:32,84.2,1333705.088,0x60002,1
2021-05-11 22:38:33,84.2,1333652.352,0x60002,1
2021-05-11 22:38:34,83.7,1333652.352,0x60002,1
2021-05-11 22:38:35,83.7,1333705.088,0x60002,1
2021-05-11 22:38:37,83.7,1333705.088,0x60002,1
2021-05-11 22:38:38,84.7,1333652.352,0x60002,1
2021-05-11 22:38:39,84.2,1333652.352,0x60002,1
2021-05-11 22:38:40,83.7,1333652.352,0x60002,1
2021-05-11 22:38:42,84.2,1333652.352,0x60002,1
2021-05-11 22:38:43,83.2,1333652.352,0x60002,1
2021-05-11 22:38:44,83.7,1333652.352,0x60002,1
2021-05-11 22:38:45,84.2,1333652.352,0x60002,1
2021-05-11 22:38:47,83.7,1333652.352,0x60002,1
2021-05-11 22:38:48,84.7,1333652.352,0x60002,1
2021-05-11 22:38:49,84.2,1333652.352,0x60002,1
2021-05-11 22:38:51,84.7,1333652.352,0x60002,1
2021-05-11 22:38:52,83.7,1333652.352,0x60002,1
2021-05-11 22:38:53,84.2,1333652.352,0x60002,1
2021-05-11 22:38:54,85.2,600117.184,0x60006,1
2021-05-11 22:38:56,84.2,1333705.088,0x60002,1
2021-05-11 22:38:57,85.2,1333652.352,0x60002,1
2021-05-11 22:38:58,83.7,1333652.352,0x60002,1
2021-05-11 22:38:59,83.7,1333705.088,0x60002,1
2021-05-11 22:39:01,84.2,1333652.352,0x60002,1
2021-05-11 22:39:02,84.7,1333705.088,0x60002,1
2021-05-11 22:39:03,85.7,1333652.352,0x60002,1
2021-05-11 22:39:04,84.2,1333652.352,0x60002,1
2021-05-11 22:39:06,84.2,1333652.352,0x60002,1
2021-05-11 22:39:07,84.2,1333652.352,0x60002,1
2021-05-11 22:39:08,83.7,1333652.352,0x60002,1
2021-05-11 22:39:09,83.7,1333705.088,0x60002,1
2021-05-11 22:39:11,82.7,1333652.352,0x60002,1
2021-05-11 22:39:12,85.2,1333652.352,0x60002,1
2021-05-11 22:39:13,84.7,1333705.088,0x60002,1
2021-05-11 22:39:15,84.7,1333652.352,0x60002,1
2021-05-11 22:39:16,84.2,1333652.352,0x60006,1
2021-05-11 22:39:17,84.7,1333652.352,0x60002,1
2021-05-11 22:39:18,85.2,1333652.352,0x60002,1
2021-05-11 22:39:20,84.2,1333652.352,0x60002,1
2021-05-11 22:39:21,83.2,600117.184,0x60006,1
2021-05-11 22:39:22,84.7,1333652.352,0x60002,1
2021-05-11 22:39:23,84.2,1333705.088,0x60002,1
2021-05-11 22:39:25,83.2,1333652.352,0x60002,1
2021-05-11 22:39:26,83.7,1333652.352,0x60002,1
2021-05-11 22:39:27,84.2,1333652.352,0x60006,1
2021-05-11 22:39:28,83.7,1333652.352,0x60006,1
2021-05-11 22:39:30,84.7,1333652.352,0x60002,1
2021-05-11 22:39:31,84.7,1333652.352,0x60002,1
2021-05-11 22:39:32,84.2,600117.184,0x60006,1
2021-05-11 22:39:34,83.7,1333652.352,0x60002,1
2021-05-11 22:39:35,84.7,1333652.352,0x60002,1
2021-05-11 22:39:36,83.7,1333652.352,0x60002,1
2021-05-11 22:39:37,83.2,1333652.352,0x60002,1
2021-05-11 22:39:39,83.7,600169.92,0x60002,1
2021-05-11 22:39:40,84.7,1333652.352,0x60002,1
2021-05-11 22:39:41,83.7,1333652.352,0x60002,1
2021-05-11 22:39:42,84.7,600169.92,0x60006,1
2021-05-11 22:39:44,84.2,1333652.352,0x60002,1
2021-05-11 22:39:45,83.2,1333652.352,0x60002,1
2021-05-11 22:39:46,84.2,600169.92,0x60006,1
2021-05-11 22:39:48,84.7,1333652.352,0x60002,1
2021-05-11 22:39:49,83.2,600169.92,0x60002,1
2021-05-11 22:39:50,85.2,1333652.352,0x60006,1
2021-05-11 22:39:51,83.7,1333652.352,0x60002,1
2021-05-11 22:39:53,85.2,1333652.352,0x60002,1
2021-05-11 22:39:54,84.2,1333652.352,0x60002,1
2021-05-11 22:39:55,83.7,1333652.352,0x60002,1
2021-05-11 22:39:56,83.7,1333652.352,0x60006,1
2021-05-11 22:39:58,85.2,1333652.352,0x60002,1
2021-05-11 22:39:59,83.7,600169.92,0x60002,1
2021-05-11 22:40:00,82.7,1333652.352,0x60002,1
2021-05-11 22:40:01,85.2,1333652.352,0x60002,1
2021-05-11 22:40:03,84.7,1333652.352,0x60002,1
2021-05-11 22:40:04,83.7,1333652.352,0x60006,1
2021-05-11 22:40:05,83.2,1333705.088,0x60002,1
2021-05-11 22:40:06,82.7,1333652.352,0x60002,1
2021-05-11 22:40:08,84.2,1333652.352,0x60002,1
2021-05-11 22:40:09,84.7,1333652.352,0x60002,1
2021-05-11 22:40:10,83.7,1333652.352,0x60002,1
2021-05-11 22:40:12,84.2,1333652.352,0x60002,1
2021-05-11 22:40:13,84.7,1333652.352,0x60002,1
2021-05-11 22:40:14,83.7,1333652.352,0x60002,1
2021-05-11 22:40:15,85.2,1333652.352,0x60002,1
2021-05-11 22:40:17,84.2,1333652.352,0x60002,1
2021-05-11 22:40:18,83.7,1333652.352,0x60002,1
2021-05-11 22:40:19,84.2,1333652.352,0x60002,1
2021-05-11 22:40:20,84.2,1333652.352,0x60002,1
2021-05-11 22:40:22,85.2,1333652.352,0x60002,1
2021-05-11 22:40:23,84.2,1333652.352,0x60002,1
2021-05-11 22:40:24,84.2,1333705.088,0x60002,1
2021-05-11 22:40:26,84.2,1333652.352,0x60002,1
2021-05-11 22:40:27,84.7,1333652.352,0x60002,1
2021-05-11 22:40:28,84.2,1333652.352,0x60002,1
2021-05-11 22:40:29,84.2,1333652.352,0x60002,1
2021-05-11 22:40:31,84.7,1333652.352,0x60002,1
2021-05-11 22:40:32,85.7,1333652.352,0x60002,1
2021-05-11 22:40:33,84.2,1333652.352,0x60002,1
2021-05-11 22:40:34,83.2,1333652.352,0x60002,1
2021-05-11 22:40:36,83.7,1333705.088,0x60002,1
2021-05-11 22:40:37,83.7,1333705.088,0x60002,1
2021-05-11 22:40:38,82.3,1333705.088,0x60002,1
2021-05-11 22:40:40,84.7,1333652.352,0x60002,1
2021-05-11 22:40:41,83.7,1333652.352,0x60002,1
2021-05-11 22:40:42,84.7,1333652.352,0x60002,1
2021-05-11 22:40:43,83.7,1333652.352,0x60002,1
2021-05-11 22:40:45,84.7,1333652.352,0x60002,1
2021-05-11 22:40:46,83.7,1333652.352,0x60002,1
2021-05-11 22:40:47,84.2,1333652.352,0x60002,1
2021-05-11 22:40:48,85.2,1333652.352,0x60002,1
2021-05-11 22:40:50,82.7,1333652.352,0x60002,1
2021-05-11 22:40:51,83.7,1333652.352,0x60002,1
2021-05-11 22:40:52,83.7,1333652.352,0x60002,1
2021-05-11 22:40:53,82.7,1333705.088,0x60002,1
2021-05-11 22:40:55,84.2,1333652.352,0x60002,1
2021-05-11 22:40:56,84.2,1333705.088,0x60002,1
2021-05-11 22:40:57,83.2,1333652.352,0x60002,1
2021-05-11 22:40:58,84.7,1333652.352,0x60002,1
2021-05-11 22:41:00,82.7,1333652.352,0x60002,1
2021-05-11 22:41:01,84.2,1333652.352,0x60002,1
2021-05-11 22:41:02,84.7,1333652.352,0x60002,1
2021-05-11 22:41:04,84.7,1333652.352,0x60002,1
2021-05-11 22:41:05,83.2,1333652.352,0x60002,1
2021-05-11 22:41:06,83.2,1333652.352,0x60002,1
2021-05-11 22:41:07,83.7,1333652.352,0x60002,1
2021-05-11 22:41:09,84.2,1333652.352,0x60002,1
2021-05-11 22:41:10,84.7,1333652.352,0x60006,1
2021-05-11 22:41:11,85.7,1333652.352,0x60002,1
2021-05-11 22:41:12,84.7,1333652.352,0x60006,1
2021-05-11 22:41:14,83.7,1333652.352,0x60002,1
2021-05-11 22:41:15,83.7,1333652.352,0x60002,1
2021-05-11 22:41:16,84.7,1333652.352,0x60002,1
2021-05-11 22:41:17,83.7,1333652.352,0x60002,1
2021-05-11 22:41:19,85.2,1333652.352,0x60006,1
2021-05-11 22:41:20,85.2,600169.92,0x60006,1
2021-05-11 22:41:21,84.7,1333652.352,0x60002,1
2021-05-11 22:41:22,82.7,1333652.352,0x60002,1
2021-05-11 22:41:24,84.7,1333652.352,0x60002,1
2021-05-11 22:41:25,84.7,1333652.352,0x60002,1
2021-05-11 22:41:26,84.2,1333652.352,0x60002,1
2021-05-11 22:41:28,83.2,1333652.352,0x60002,1
2021-05-11 22:41:29,84.7,1333652.352,0x60002,1
2021-05-11 22:41:30,84.2,1333652.352,0x60002,1
2021-05-11 22:41:31,85.2,1333652.352,0x60006,1
2021-05-11 22:41:33,83.7,1333652.352,0x60002,1
2021-05-11 22:41:34,84.2,1333705.088,0x60002,1
2021-05-11 22:41:35,84.2,1333652.352,0x60002,1
2021-05-11 22:41:36,85.7,1333652.352,0x60002,1
2021-05-11 22:41:38,84.2,1333652.352,0x60002,1
2021-05-11 22:41:39,84.2,1333652.352,0x60002,1
2021-05-11 22:41:40,84.2,600169.92,0x60002,1
2021-05-11 22:41:41,83.7,1333652.352,0x60002,1
2021-05-11 22:41:43,84.2,1333652.352,0x60002,1
2021-05-11 22:41:44,84.2,1333652.352,0x60002,1
2021-05-11 22:41:45,82.7,1333705.088,0x60002,1
2021-05-11 22:41:47,84.2,1333705.088,0x60002,1
2021-05-11 22:41:48,82.7,1333652.352,0x60002,1
2021-05-11 22:41:49,84.2,1333652.352,0x60002,1
2021-05-11 22:41:50,84.2,1333652.352,0x60002,1
2021-05-11 22:41:52,82.7,1333652.352,0x60002,1
2021-05-11 22:41:53,83.7,1333652.352,0x60002,1
2021-05-11 22:41:54,84.2,1333652.352,0x60002,1
2021-05-11 22:41:55,83.7,1333652.352,0x60002,1
2021-05-11 22:41:57,85.2,1333705.088,0x60002,1
2021-05-11 22:41:58,83.2,1333652.352,0x60002,1
2021-05-11 22:41:59,83.7,1333652.352,0x60006,1
2021-05-11 22:42:00,83.2,1333652.352,0x60002,1
2021-05-11 22:42:02,84.2,1333652.352,0x60006,1
2021-05-11 22:42:03,85.2,1333652.352,0x60002,1
2021-05-11 22:42:04,83.2,1333652.352,0x60002,1
2021-05-11 22:42:06,85.7,1333652.352,0x60002,1
2021-05-11 22:42:07,83.2,1333652.352,0x60002,1
2021-05-11 22:42:08,84.2,1333652.352,0x60002,1
2021-05-11 22:42:09,83.2,1333652.352,0x60002,1
2021-05-11 22:42:11,85.2,600169.92,0x60002,1
2021-05-11 22:42:12,83.7,1333705.088,0x60002,1
2021-05-11 22:42:13,84.2,600169.92,0x60006,1
2021-05-11 22:42:14,84.2,1333652.352,0x60002,1
2021-05-11 22:42:16,84.2,1333652.352,0x60002,1
2021-05-11 22:42:17,83.2,1333652.352,0x60002,1
2021-05-11 22:42:18,84.7,1333705.088,0x60002,1
2021-05-11 22:42:19,83.7,1333652.352,0x60002,1
2021-05-11 22:42:21,83.7,1333652.352,0x60002,1
2021-05-11 22:42:22,85.7,1333652.352,0x60002,1
2021-05-11 22:42:23,83.2,1333652.352,0x60002,1
2021-05-11 22:42:24,84.2,1333652.352,0x60002,1
2021-05-11 22:42:25,84.2,1333652.352,0x60002,1
2021-05-11 22:42:27,83.7,1333705.088,0x60002,1
2021-05-11 22:42:28,84.7,1333652.352,0x60002,1
2021-05-11 22:42:29,84.7,1333652.352,0x60006,1
2021-05-11 22:42:30,83.7,1333652.352,0x60006,1
2021-05-11 22:42:32,85.2,1333652.352,0x60002,1
2021-05-11 22:42:33,83.7,1333652.352,0x60002,1
2021-05-11 22:42:34,83.7,1333705.088,0x60002,1
2021-05-11 22:42:35,83.7,1333652.352,0x60002,1
2021-05-11 22:42:37,84.2,1333652.352,0x60002,1
2021-05-11 22:42:38,84.2,1333652.352,0x60002,1
2021-05-11 22:42:39,84.7,1333705.088,0x60002,1
2021-05-11 22:42:40,84.2,1333705.088,0x60002,1
2021-05-11 22:42:42,85.2,1333705.088,0x60002,1
2021-05-11 22:42:43,84.2,1333705.088,0x60002,1
2021-05-11 22:42:44,83.2,1333652.352,0x60002,1
2021-05-11 22:42:45,83.2,1333652.352,0x60002,1
2021-05-11 22:42:47,84.7,1333652.352,0x60002,1
2021-05-11 22:42:48,84.2,1333652.352,0x60002,1
2021-05-11 22:42:49,84.2,1333652.352,0x60002,1
2021-05-11 22:42:50,85.2,1333652.352,0x60006,1
2021-05-11 22:42:52,84.2,1333652.352,0x60002,1
2021-05-11 22:42:53,84.2,1333652.352,0x60002,1
2021-05-11 22:42:54,84.2,1333652.352,0x60002,1
2021-05-11 22:42:55,85.2,1333652.352,0x60002,1
2021-05-11 22:42:57,83.2,1333652.352,0x60002,1
2021-05-11 22:42:58,84.2,1333705.088,0x60002,1
2021-05-11 22:42:59,84.2,1333652.352,0x60002,1
2021-05-11 22:43:01,83.7,1333652.352,0x60002,1
2021-05-11 22:43:02,83.2,1333652.352,0x60002,1
2021-05-11 22:43:03,83.2,1333652.352,0x60002,1
2021-05-11 22:43:04,84.7,1333652.352,0x60002,1
2021-05-11 22:43:06,82.7,1333705.088,0x60002,1
2021-05-11 22:43:07,85.2,1333652.352,0x60006,1
2021-05-11 22:43:08,82.7,1333652.352,0x60002,1
2021-05-11 22:43:09,85.2,1333652.352,0x60002,1
2021-05-11 22:43:11,84.2,1333652.352,0x60006,1
2021-05-11 22:43:12,85.2,600169.92,0x60002,1
2021-05-11 22:43:13,83.2,1333705.088,0x60002,1
2021-05-11 22:43:14,84.7,1333652.352,0x60002,1
2021-05-11 22:43:16,83.2,1333652.352,0x60002,1
2021-05-11 22:43:17,83.7,1333705.088,0x60002,1
2021-05-11 22:43:18,85.2,1333652.352,0x60002,1
2021-05-11 22:43:19,84.2,1333652.352,0x60002,1
2021-05-11 22:43:21,83.7,1333652.352,0x60002,1
2021-05-11 22:43:22,84.2,1333652.352,0x60002,1
2021-05-11 22:43:23,84.2,1333705.088,0x60002,1
2021-05-11 22:43:24,82.7,1333705.088,0x60002,1
2021-05-11 22:43:26,83.2,1333652.352,0x60002,1
2021-05-11 22:43:27,83.7,1333652.352,0x60002,1
2021-05-11 22:43:28,84.2,1333652.352,0x60002,1
2021-05-11 22:43:29,83.7,1333652.352,0x60002,1
2021-05-11 22:43:31,84.2,1333705.088,0x60006,1
2021-05-11 22:43:32,84.7,1333652.352,0x60002,1
2021-05-11 22:43:33,83.7,1333705.088,0x60002,1
2021-05-11 22:43:34,83.7,1333652.352,0x60002,1
2021-05-11 22:43:36,83.2,1333652.352,0x60002,1
2021-05-11 22:43:37,84.2,1333652.352,0x60006,1
2021-05-11 22:43:38,84.7,1333705.088,0x60002,1
2021-05-11 22:43:40,84.2,1333652.352,0x60002,1
2021-05-11 22:43:41,84.7,1333652.352,0x60002,1
2021-05-11 22:43:42,84.2,1333652.352,0x60002,1
2021-05-11 22:43:43,83.7,1333652.352,0x60002,1
2021-05-11 22:43:45,83.7,1333652.352,0x60002,1
2021-05-11 22:43:46,84.2,1333652.352,0x60002,1
2021-05-11 22:43:47,85.7,1333705.088,0x60002,1
2021-05-11 22:43:49,83.2,1333652.352,0x60002,1
2021-05-11 22:43:50,84.7,1333652.352,0x60002,1
2021-05-11 22:43:51,84.7,1333652.352,0x60002,1
2021-05-11 22:43:52,84.2,1333705.088,0x60002,1
2021-05-11 22:43:54,85.2,600169.92,0x60002,1
2021-05-11 22:43:55,83.7,600117.184,0x60002,1
2021-05-11 22:43:56,84.7,600169.92,0x60006,1
2021-05-11 22:43:57,83.7,1333652.352,0x60002,1
2021-05-11 22:43:59,85.2,1333652.352,0x60002,1
2021-05-11 22:44:00,84.7,1333652.352,0x60002,1
2021-05-11 22:44:01,84.2,1333652.352,0x60002,1
2021-05-11 22:44:02,84.7,1333652.352,0x60002,1
2021-05-11 22:44:04,84.7,1333652.352,0x60006,1
2021-05-11 22:44:05,83.2,1333652.352,0x60002,1
2021-05-11 22:44:06,83.7,600117.184,0x60006,1
2021-05-11 22:44:07,84.2,1333652.352,0x60002,1
2021-05-11 22:44:09,84.2,1333652.352,0x60002,1
2021-05-11 22:44:10,84.7,1333652.352,0x60002,1
2021-05-11 22:44:11,83.7,1333652.352,0x60002,1
2021-05-11 22:44:12,84.2,1333652.352,0x60002,1
2021-05-11 22:44:14,83.7,1333652.352,0x60002,1
2021-05-11 22:44:15,84.7,1333652.352,0x60002,1
2021-05-11 22:44:16,84.2,1333652.352,0x60002,1
2021-05-11 22:44:17,84.2,1333652.352,0x60002,1
2021-05-11 22:44:19,84.2,1333705.088,0x60002,1
2021-05-11 22:44:20,84.7,1333652.352,0x60002,1
2021-05-11 22:44:21,84.7,1333652.352,0x60002,1
2021-05-11 22:44:22,84.7,600117.184,0x60006,1
2021-05-11 22:44:24,84.2,600117.184,0x60002,1
2021-05-11 22:44:25,84.2,1333652.352,0x60002,1
2021-05-11 22:44:26,84.2,1333652.352,0x60002,1
2021-05-11 22:44:27,84.7,1333652.352,0x60002,1
2021-05-11 22:44:29,85.2,1333652.352,0x60002,1
2021-05-11 22:44:30,83.7,1333652.352,0x60002,1
2021-05-11 22:44:31,84.2,1333652.352,0x60002,1
2021-05-11 22:44:32,83.7,1333652.352,0x60002,1
2021-05-11 22:44:34,84.7,1333652.352,0x60002,1
2021-05-11 22:44:35,83.2,1333652.352,0x60002,1
2021-05-11 22:44:36,84.2,600169.92,0x60002,1
2021-05-11 22:44:37,83.7,1333652.352,0x60002,1
2021-05-11 22:44:39,84.7,1333652.352,0x60002,1
2021-05-11 22:44:40,84.7,600169.92,0x60006,1
2021-05-11 22:44:41,84.2,1333652.352,0x60002,1
2021-05-11 22:44:42,84.2,1333652.352,0x60002,1
2021-05-11 22:44:44,84.7,1333705.088,0x60002,1
2021-05-11 22:44:45,84.2,1333652.352,0x60002,1
2021-05-11 22:44:46,84.2,1333652.352,0x60002,1
2021-05-11 22:44:48,85.2,1333652.352,0x60002,1
2021-05-11 22:44:49,84.7,1333652.352,0x60006,1
2021-05-11 22:44:50,84.2,1333652.352,0x60002,1
2021-05-11 22:44:51,84.2,1333652.352,0x60002,1
2021-05-11 22:44:53,84.2,600117.184,0x60006,1
2021-05-11 22:44:54,84.2,1333652.352,0x60002,1
2021-05-11 22:44:55,84.2,1333652.352,0x60002,1
2021-05-11 22:44:56,85.7,600117.184,0x60002,1
2021-05-11 22:44:58,85.2,1333652.352,0x60002,1
2021-05-11 22:44:59,82.7,1333652.352,0x60002,1
2021-05-11 22:45:00,85.2,1333652.352,0x60002,1
2021-05-11 22:45:01,84.7,1333705.088,0x60002,1
2021-05-11 22:45:03,83.7,1333705.088,0x60002,1
2021-05-11 22:45:04,84.2,1333652.352,0x60002,1
2021-05-11 22:45:05,83.7,600117.184,0x60002,1
2021-05-11 22:45:06,83.2,1333652.352,0x60002,1
2021-05-11 22:45:08,83.7,1333652.352,0x60002,1
2021-05-11 22:45:09,83.2,1333652.352,0x60002,1
2021-05-11 22:45:10,84.7,1333652.352,0x60002,1
2021-05-11 22:45:12,85.2,1333652.352,0x60002,1
2021-05-11 22:45:13,85.2,600117.184,0x60002,1
2021-05-11 22:45:14,84.2,1333652.352,0x60002,1
2021-05-11 22:45:15,83.2,1333652.352,0x60002,1
2021-05-11 22:45:17,83.7,1333652.352,0x60002,1
2021-05-11 22:45:18,84.2,1333652.352,0x60006,1
2021-05-11 22:45:19,82.3,1333652.352,0x60002,1
2021-05-11 22:45:20,84.7,1333652.352,0x60006,1
2021-05-11 22:45:22,84.7,1333652.352,0x60006,1
2021-05-11 22:45:23,83.2,1333652.352,0x60002,1
2021-05-11 22:45:24,83.7,1333652.352,0x60002,1
2021-05-11 22:45:25,83.7,1333652.352,0x60006,1
2021-05-11 22:45:27,85.2,600117.184,0x60002,1
2021-05-11 22:45:28,83.2,1333652.352,0x60002,1
2021-05-11 22:45:29,84.2,1333652.352,0x60002,1
2021-05-11 22:45:31,84.2,1333652.352,0x60002,1
2021-05-11 22:45:32,84.7,1333652.352,0x60002,1
2021-05-11 22:45:33,83.7,1333652.352,0x60002,1
2021-05-11 22:45:34,83.2,1333705.088,0x60002,1
2021-05-11 22:45:36,83.7,1333652.352,0x60002,1
2021-05-11 22:45:37,82.7,1333652.352,0x60002,1
2021-05-11 22:45:38,85.2,1333652.352,0x60002,1
2021-05-11 22:45:39,84.2,1333652.352,0x60002,1
2021-05-11 22:45:41,84.2,1333652.352,0x60002,1
2021-05-11 22:45:42,83.2,1333652.352,0x60002,1
2021-05-11 22:45:43,84.2,1333652.352,0x60002,1
2021-05-11 22:45:44,84.7,1333652.352,0x60006,1
2021-05-11 22:45:46,82.7,1333652.352,0x60002,1
2021-05-11 22:45:47,84.2,1333652.352,0x60002,1
2021-05-11 22:45:48,83.2,1333652.352,0x60002,1
2021-05-11 22:45:49,85.2,1333652.352,0x60002,1
2021-05-11 22:45:51,82.3,1333652.352,0x60002,1
2021-05-11 22:45:52,84.2,1333652.352,0x60002,1
2021-05-11 22:45:53,85.2,600169.92,0x60002,1
2021-05-11 22:45:54,83.7,1333652.352,0x60002,1
2021-05-11 22:45:56,83.7,1333652.352,0x60006,1
2021-05-11 22:45:57,84.2,1333705.088,0x60002,1
2021-05-11 22:45:58,84.2,1333652.352,0x60006,1
2021-05-11 22:46:00,85.2,600117.184,0x60002,1
2021-05-11 22:46:01,84.2,1333652.352,0x60006,1
2021-05-11 22:46:02,83.7,1333652.352,0x60002,1
2021-05-11 22:46:03,84.7,1333652.352,0x60002,1
2021-05-11 22:46:05,84.2,1333652.352,0x60002,1
2021-05-11 22:46:06,85.2,600117.184,0x60006,1
2021-05-11 22:46:07,85.2,600169.92,0x60002,1
2021-05-11 22:46:08,84.2,1333705.088,0x60002,1
2021-05-11 22:46:10,83.2,1333652.352,0x60002,1
2021-05-11 22:46:11,84.2,1333705.088,0x60002,1
2021-05-11 22:46:12,83.7,1333652.352,0x60002,1
2021-05-11 22:46:14,84.7,600169.92,0x60006,1
2021-05-11 22:46:15,84.7,1333652.352,0x60002,1
2021-05-11 22:46:16,83.7,1333705.088,0x60002,1
2021-05-11 22:46:17,83.7,1333652.352,0x60002,1
2021-05-11 22:46:19,84.7,1333652.352,0x60002,1
2021-05-11 22:46:20,84.7,1333652.352,0x60002,1
2021-05-11 22:46:21,84.2,1333652.352,0x60002,1
2021-05-11 22:46:22,84.2,1333652.352,0x60002,1
2021-05-11 22:46:24,82.7,2000531.2,0x60000,1
2021-05-11 22:46:24,81.8,2000478.464,0x60000,0
2021-05-11 22:46:25,78.8,600117.184,0x60000,0
2021-05-11 22:46:26,75.4,600117.184,0x60000,0
2021-05-11 22:46:27,74.5,600117.184,0x60000,0
2021-05-11 22:46:28,73.0,900228.544,0x60000,0
2021-05-11 22:46:29,72.0,900228.544,0x60000,0
2021-05-11 22:46:30,70.6,600117.184,0x60000,0
2021-05-11 22:46:31,69.6,600169.92,0x60000,0
2021-05-11 22:46:32,69.1,700207.04,0x60000,0
2021-05-11 22:46:34,68.1,700154.304,0x60000,0
2021-05-11 22:46:35,68.6,600117.184,0x60000,0
2021-05-11 22:46:36,67.6,600169.92,0x60000,0
2021-05-11 22:46:37,66.2,600117.184,0x60000,0
2021-05-11 22:46:38,66.7,600169.92,0x60000,0
2021-05-11 22:46:39,64.7,900228.544,0x60000,0
2021-05-11 22:46:40,66.2,600169.92,0x60000,0
2021-05-11 22:46:41,64.2,600169.92,0x60000,0
2021-05-11 22:46:42,64.7,600169.92,0x60000,0
2021-05-11 22:46:43,63.7,700154.304,0x60000,0
2021-05-11 22:46:45,63.3,600169.92,0x60000,0
2021-05-11 22:46:46,63.3,600117.184,0x60000,0
2021-05-11 22:46:47,63.7,600117.184,0x60000,0
2021-05-11 22:46:48,64.2,600169.92,0x60000,0
2021-05-11 22:46:49,62.8,600169.92,0x60000,0
2021-05-11 22:46:50,63.3,600169.92,0x60000,0
2021-05-11 22:46:51,62.8,600169.92,0x60000,0
2021-05-11 22:46:52,62.3,600169.92,0x60000,0
2021-05-11 22:46:53,62.8,600117.184,0x60000,0
2021-05-11 22:46:55,61.8,600117.184,0x60000,0
2021-05-11 22:46:56,61.3,600169.92,0x60000,0
2021-05-11 22:46:57,60.3,600169.92,0x60000,0
2021-05-11 22:46:58,61.3,600117.184,0x60000,0
2021-05-11 22:46:59,60.8,600117.184,0x60000,0
2021-05-11 22:47:00,60.3,800191.424,0x60000,0
2021-05-11 22:47:01,58.9,600117.184,0x60000,0
2021-05-11 22:47:02,60.3,600117.184,0x60000,0
2021-05-11 22:47:03,59.4,700207.04,0x60000,0
2021-05-11 22:47:04,59.9,600117.184,0x60000,0
2021-05-11 22:47:06,59.4,600169.92,0x60000,0
2021-05-11 22:47:07,59.4,600117.184,0x60000,0
2021-05-11 22:47:08,59.9,600117.184,0x60000,0
2021-05-11 22:47:09,59.4,600169.92,0x60000,0
2021-05-11 22:47:10,59.4,800191.424,0x60000,0
2021-05-11 22:47:11,59.9,600117.184,0x60000,0
2021-05-11 22:47:12,58.9,600169.92,0x60000,0
2021-05-11 22:47:13,58.9,600169.92,0x60000,0
2021-05-11 22:47:14,58.4,600169.92,0x60000,0
2021-05-11 22:47:15,59.4,600169.92,0x60000,0
2021-05-11 22:47:17,57.9,800191.424,0x60000,0
2021-05-11 22:47:18,56.9,600169.92,0x60000,0
2021-05-11 22:47:19,58.9,600117.184,0x60000,0
2021-05-11 22:47:20,56.9,600169.92,0x60000,0
2021-05-11 22:47:21,57.4,600117.184,0x60000,0
2021-05-11 22:47:22,57.4,600169.92,0x60000,0
2021-05-11 22:47:23,57.4,900175.808,0x60000,0
2021-05-11 22:47:24,56.9,600169.92,0x60000,0
2021-05-11 22:47:25,56.4,600169.92,0x60000,0
2021-05-11 22:47:27,56.9,600169.92,0x60000,0
2021-05-11 22:47:28,57.4,600169.92,0x60000,0
2021-05-11 22:47:29,56.4,600169.92,0x60000,0
2021-05-11 22:47:30,56.4,900228.544,0x60000,0
2021-05-11 22:47:31,56.4,600169.92,0x60000,0
2021-05-11 22:47:32,56.0,600169.92,0x60000,0
2021-05-11 22:47:33,56.4,600169.92,0x60000,0
2021-05-11 22:47:34,55.5,600169.92,0x60000,0
2021-05-11 22:47:35,55.5,600117.184,0x60000,0
2021-05-11 22:47:36,56.4,600169.92,0x60000,0
2021-05-11 22:47:38,55.5,600117.184,0x60000,0
2021-05-11 22:47:39,54.5,600169.92,0x60000,0
2021-05-11 22:47:40,55.0,600117.184,0x60000,0
2021-05-11 22:47:41,55.5,600117.184,0x60000,0
2021-05-11 22:47:42,55.0,600169.92,0x60000,0
2021-05-11 22:47:43,55.0,700207.04,0x60000,0
2021-05-11 22:47:44,55.0,600169.92,0x60000,0
2021-05-11 22:47:45,54.5,700154.304,0x60000,0
2021-05-11 22:47:46,55.0,600117.184,0x60000,0
2021-05-11 22:47:48,54.5,600169.92,0x60000,0
2021-05-11 22:47:49,56.0,600169.92,0x60000,0
2021-05-11 22:47:50,54.5,600117.184,0x60000,0
2021-05-11 22:47:51,54.0,600169.92,0x60000,0
2021-05-11 22:47:52,54.0,600117.184,0x60000,0
2021-05-11 22:47:53,54.0,600117.184,0x60000,0
2021-05-11 22:47:54,54.5,600169.92,0x60000,0
2021-05-11 22:47:55,54.0,600117.184,0x60000,0
2021-05-11 22:47:56,54.5,600169.92,0x60000,0
2021-05-11 22:47:57,53.5,600117.184,0x60000,0
2021-05-11 22:47:59,54.5,600117.184,0x60000,0
2021-05-11 22:48:00,52.5,700154.304,0x60000,0
2021-05-11 22:48:01,52.5,600117.184,0x60000,0
2021-05-11 22:48:02,53.5,600169.92,0x60000,0
2021-05-11 22:48:03,53.5,600117.184,0x60000,0
2021-05-11 22:48:04,53.0,600169.92,0x60000,0
2021-05-11 22:48:05,54.0,600117.184,0x60000,0
2021-05-11 22:48:06,53.5,600117.184,0x60000,0
2021-05-11 22:48:07,52.5,600117.184,0x60000,0
2021-05-11 22:48:09,52.1,600169.92,0x60000,0
2021-05-11 22:48:10,53.0,600117.184,0x60000,0
2021-05-11 22:48:11,52.5,700207.04,0x60000,0
2021-05-11 22:48:12,51.1,600169.92,0x60000,0
2021-05-11 22:48:13,52.5,600117.184,0x60000,0
2021-05-11 22:48:14,51.6,600117.184,0x60000,0
2021-05-11 22:48:15,53.5,600169.92,0x60000,0
2021-05-11 22:48:16,54.0,600169.92,0x60000,0
2021-05-11 22:48:17,52.5,700154.304,0x60000,0
2021-05-11 22:48:18,52.1,600169.92,0x60000,0
2021-05-11 22:48:20,52.1,600169.92,0x60000,0
2021-05-11 22:48:21,52.1,600169.92,0x60000,0
2021-05-11 22:48:22,53.0,600169.92,0x60000,0
2021-05-11 22:48:23,51.6,600169.92,0x60000,0
2021-05-11 22:48:24,51.6,600117.184,0x60000,0
2021-05-11 22:48:25,52.5,600169.92,0x60000,0
2021-05-11 22:48:26,51.6,600169.92,0x60000,0
2021-05-11 22:48:27,51.1,600117.184,0x60000,0
2021-05-11 22:48:28,51.1,600169.92,0x60000,0
2021-05-11 22:48:30,52.1,600169.92,0x60000,0
2021-05-11 22:48:31,51.6,600117.184,0x60000,0
2021-05-11 22:48:32,50.6,600117.184,0x60000,0
2021-05-11 22:48:33,52.1,600169.92,0x60000,0
2021-05-11 22:48:34,51.6,800191.424,0x60000,0
2021-05-11 22:48:35,51.1,600169.92,0x60000,0
2021-05-11 22:48:36,52.5,600169.92,0x60000,0
2021-05-11 22:48:37,51.6,800191.424,0x60000,0
2021-05-11 22:48:38,51.1,600169.92,0x60000,0
2021-05-11 22:48:39,52.1,600169.92,0x60000,0
2021-05-11 22:48:41,51.6,600117.184,0x60000,0
2021-05-11 22:48:42,50.1,600117.184,0x60000,0
2021-05-11 22:48:43,50.1,600169.92,0x60000,0
2021-05-11 22:48:44,50.6,800191.424,0x60000,0
2021-05-11 22:48:45,50.6,600117.184,0x60000,0
2021-05-11 22:48:46,50.6,600169.92,0x60000,0
2021-05-11 22:48:47,50.6,600169.92,0x60000,0
2021-05-11 22:48:48,51.1,600117.184,0x60000,0
2021-05-11 22:48:49,51.6,600169.92,0x60000,0
2021-05-11 22:48:50,51.1,600117.184,0x60000,0
2021-05-11 22:48:52,50.1,600117.184,0x60000,0
2021-05-11 22:48:53,50.6,600169.92,0x60000,0
2021-05-11 22:48:54,50.1,600117.184,0x60000,0
2021-05-11 22:48:55,50.1,600169.92,0x60000,0
2021-05-11 22:48:56,51.1,600117.184,0x60000,0
2021-05-11 22:48:57,51.1,600117.184,0x60000,0
2021-05-11 22:48:58,50.6,600169.92,0x60000,0
2021-05-11 22:48:59,50.1,600169.92,0x60000,0
2021-05-11 22:49:00,49.6,600117.184,0x60000,0
2021-05-11 22:49:02,50.1,900175.808,0x60000,0
2021-05-11 22:49:03,49.6,600117.184,0x60000,0
2021-05-11 22:49:04,50.1,600169.92,0x60000,0
2021-05-11 22:49:05,49.1,600117.184,0x60000,0
2021-05-11 22:49:06,49.1,600169.92,0x60000,0
2021-05-11 22:49:07,50.1,600117.184,0x60000,0
2021-05-11 22:49:08,50.6,600117.184,0x60000,0
2021-05-11 22:49:09,50.6,600117.184,0x60000,0
2021-05-11 22:49:10,50.1,600169.92,0x60000,0
2021-05-11 22:49:11,49.6,700154.304,0x60000,0
2021-05-11 22:49:13,50.1,600117.184,0x60000,0
2021-05-11 22:49:14,49.6,600117.184,0x60000,0
2021-05-11 22:49:15,48.7,600169.92,0x60000,0
2021-05-11 22:49:16,49.6,600169.92,0x60000,0
2021-05-11 22:49:17,50.6,600169.92,0x60000,0
2021-05-11 22:49:18,49.6,900228.544,0x60000,0
2021-05-11 22:49:19,49.1,600169.92,0x60000,0
2021-05-11 22:49:20,49.6,900228.544,0x60000,0
2021-05-11 22:49:21,49.1,600117.184,0x60000,0
2021-05-11 22:49:22,49.6,600169.92,0x60000,0
2021-05-11 22:49:24,49.6,600169.92,0x60000,0
2021-05-11 22:49:25,49.1,600117.184,0x60000,0
2021-05-11 22:49:26,48.7,600117.184,0x60000,0
2021-05-11 22:49:27,49.6,600169.92,0x60000,0
2021-05-11 22:49:28,49.6,600169.92,0x60000,0
2021-05-11 22:49:29,49.6,600169.92,0x60000,0
2021-05-11 22:49:30,49.6,600117.184,0x60000,0
2021-05-11 22:49:31,49.6,600169.92,0x60000,0
2021-05-11 22:49:32,48.7,600117.184,0x60000,0
2021-05-11 22:49:33,49.1,600169.92,0x60000,0
2021-05-11 22:49:35,49.6,600117.184,0x60000,0
2021-05-11 22:49:36,49.1,600169.92,0x60000,0
2021-05-11 22:49:37,49.6,600169.92,0x60000,0
2021-05-11 22:49:38,48.7,800191.424,0x60000,0
2021-05-11 22:49:39,48.2,700154.304,0x60000,0
2021-05-11 22:49:40,49.6,600117.184,0x60000,0
2021-05-11 22:49:41,48.7,600117.184,0x60000,0
2021-05-11 22:49:42,49.1,600169.92,0x60000,0
2021-05-11 22:49:43,49.6,600169.92,0x60000,0
2021-05-11 22:49:45,49.6,600169.92,0x60000,0
2021-05-11 22:49:46,49.1,600117.184,0x60000,0
2021-05-11 22:49:47,48.7,600169.92,0x60000,0
2021-05-11 22:49:48,48.2,600169.92,0x60000,0
2021-05-11 22:49:49,48.7,700154.304,0x60000,0
2021-05-11 22:49:50,48.7,600169.92,0x60000,0
2021-05-11 22:49:51,49.1,600169.92,0x60000,0
2021-05-11 22:49:52,49.6,600117.184,0x60000,0
2021-05-11 22:49:53,48.7,600169.92,0x60000,0
2021-05-11 22:49:55,49.6,600169.92,0x60000,0
2021-05-11 22:49:56,49.1,700207.04,0x60000,0
2021-05-11 22:49:57,48.7,600169.92,0x60000,0
2021-05-11 22:49:58,48.2,600169.92,0x60000,0
2021-05-11 22:49:59,48.2,600117.184,0x60000,0
2021-05-11 22:50:00,48.2,600169.92,0x60000,0
2021-05-11 22:50:01,48.7,600169.92,0x60000,0
2021-05-11 22:50:02,48.7,600169.92,0x60000,0
2021-05-11 22:50:03,49.1,600169.92,0x60000,0
2021-05-11 22:50:04,48.2,900228.544,0x60000,0
2021-05-11 22:50:06,48.2,600117.184,0x60000,0
2021-05-11 22:50:07,48.2,600117.184,0x60000,0
2021-05-11 22:50:08,47.7,600169.92,0x60000,0
2021-05-11 22:50:09,48.7,600117.184,0x60000,0
2021-05-11 22:50:10,48.7,600169.92,0x60000,0
2021-05-11 22:50:11,48.7,600117.184,0x60000,0
2021-05-11 22:50:12,48.7,600117.184,0x60000,0
2021-05-11 22:50:13,48.2,700154.304,0x60000,0
2021-05-11 22:50:14,48.2,800191.424,0x60000,0
2021-05-11 22:50:15,47.2,600117.184,0x60000,0
2021-05-11 22:50:17,48.2,600117.184,0x60000,0
2021-05-11 22:50:18,48.7,600117.184,0x60000,0
2021-05-11 22:50:19,48.2,700207.04,0x60000,0
2021-05-11 22:50:20,48.2,800191.424,0x60000,0
2021-05-11 22:50:21,47.7,600117.184,0x60000,0
2021-05-11 22:50:22,47.7,600117.184,0x60000,0
2021-05-11 22:50:23,48.2,600169.92,0x60000,0
2021-05-11 22:50:24,47.7,600169.92,0x60000,0
2021-05-11 22:50:25,47.2,600117.184,0x60000,0
2021-05-11 22:50:26,46.7,600117.184,0x60000,0
2021-05-11 22:50:28,47.2,600117.184,0x60000,0
2021-05-11 22:50:29,48.2,600169.92,0x60000,0
2021-05-11 22:50:30,48.7,800191.424,0x60000,0
2021-05-11 22:50:31,47.7,600117.184,0x60000,0
2021-05-11 22:50:32,48.7,700154.304,0x60000,0
2021-05-11 22:50:33,46.7,600117.184,0x60000,0
2021-05-11 22:50:34,48.2,600169.92,0x60000,0
2021-05-11 22:50:35,48.2,600169.92,0x60000,0
2021-05-11 22:50:36,48.2,600117.184,0x60000,0
2021-05-11 22:50:38,47.2,600117.184,0x60000,0
2021-05-11 22:50:39,47.2,600117.184,0x60000,0
2021-05-11 22:50:40,47.7,600169.92,0x60000,0
2021-05-11 22:50:41,47.7,600169.92,0x60000,0
2021-05-11 22:50:42,47.2,600169.92,0x60000,0
2021-05-11 22:50:43,48.2,600117.184,0x60000,0
2021-05-11 22:50:44,49.1,600117.184,0x60000,0
2021-05-11 22:50:45,48.2,600117.184,0x60000,0
2021-05-11 22:50:46,48.7,600117.184,0x60000,0
2021-05-11 22:50:47,48.7,600117.184,0x60000,0
2021-05-11 22:50:49,47.2,600117.184,0x60000,0
2021-05-11 22:50:50,47.7,900228.544,0x60000,0
2021-05-11 22:50:51,48.2,600169.92,0x60000,0
2021-05-11 22:50:52,47.7,600117.184,0x60000,0
2021-05-11 22:50:53,46.2,700154.304,0x60000,0
2021-05-11 22:50:54,48.2,600117.184,0x60000,0
2021-05-11 22:50:55,47.2,600117.184,0x60000,0
2021-05-11 22:50:56,47.2,600117.184,0x60000,0
2021-05-11 22:50:57,48.2,800191.424,0x60000,0
2021-05-11 22:50:58,46.7,600117.184,0x60000,0
2021-05-11 22:51:00,47.7,700154.304,0x60000,0
2021-05-11 22:51:01,47.7,600117.184,0x60000,0
2021-05-11 22:51:02,46.7,600169.92,0x60000,0
2021-05-11 22:51:03,47.7,600169.92,0x60000,0
2021-05-11 22:51:04,47.7,600117.184,0x60000,0
2021-05-11 22:51:05,47.7,600169.92,0x60000,0
2021-05-11 22:51:06,47.2,600117.184,0x60000,0
2021-05-11 22:51:07,48.2,600169.92,0x60000,0
2021-05-11 22:51:08,47.2,600117.184,0x60000,0
2021-05-11 22:51:10,46.2,600117.184,0x60000,0
2021-05-11 22:51:11,47.7,600117.184,0x60000,0
2021-05-11 22:51:12,47.2,600117.184,0x60000,0
2021-05-11 22:51:13,47.2,700207.04,0x60000,0
2021-05-11 22:51:14,46.7,600117.184,0x60000,0
2021-05-11 22:51:15,47.7,600117.184,0x60000,0
2021-05-11 22:51:16,47.2,600169.92,0x60000,0
2021-05-11 22:51:17,46.7,600169.92,0x60000,0
2021-05-11 22:51:18,47.2,600117.184,0x60000,0
2021-05-11 22:51:19,47.2,700154.304,0x60000,0
2021-05-11 22:51:21,47.7,600169.92,0x60000,0
2021-05-11 22:51:22,47.2,600117.184,0x60000,0
2021-05-11 22:51:23,47.7,600169.92,0x60000,0
2021-05-11 22:51:24,47.7,600117.184,0x60000,0
